EXAMPLE_ID,RANK_1,RANK_2,RANK_3,RANK_4,RANK_5
valid_0001,DEPOSIT TUNGSTEN SEED,DEPOSIT METAL SEED,MEASURE CD LEVEL 1,MEASURE THICKNESS,MEASURE WAFER THICKNESS
valid_0002,CLEAN PAD OPENING,DEPOSIT PAD OXIDE,MEASURE THICKNESS,RCA CLEAN 2,WET CLEAN RCA2
valid_0003,MEASURE VIA CD,RCA CLEAN 1,WET CLEAN RCA1,DEPOSIT BARRIER METAL,CLEAN AFTER POLY ETCH
valid_0004,PASSIVATION ETCH PAD OPENING,PASSIVATION ETCH,METAL ETCH DRY,DIELECTRIC ETCH VIA,VIA ETCH THROUGH DIELECTRIC
valid_0005,MEASURE VIA CD,RCA CLEAN 1,WET CLEAN RCA1,DEPOSIT BARRIER METAL,CLEAN AFTER POLY ETCH
valid_0006,PASSIVATION ETCH PAD OPENING,PASSIVATION ETCH,METAL ETCH DRY,DIELECTRIC ETCH VIA,VIA ETCH THROUGH DIELECTRIC
valid_0007,MEASURE VIA CD,RCA CLEAN 1,WET CLEAN RCA1,DEPOSIT BARRIER METAL,CLEAN AFTER POLY ETCH
valid_0008,PASSIVATION ETCH,PASSIVATION ETCH PAD OPENING,METAL ETCH DRY,DIELECTRIC ETCH VIA,VIA ETCH THROUGH DIELECTRIC
valid_0009,MEASURE VIA CD,RCA CLEAN 1,WET CLEAN RCA1,DEPOSIT BARRIER METAL,CLEAN AFTER POLY ETCH
valid_0010,STRIP RESIST,STRIP PHOTORESIST,STRIP RESIST LEVEL 2,RINSE WET WAFER_EDGE,MEASURE VIA CD
valid_0011,MEASURE VIA CD,RCA CLEAN 1,WET CLEAN RCA1,DEPOSIT BARRIER METAL,CLEAN AFTER POLY ETCH
valid_0012,PASSIVATION ETCH PAD OPENING,PASSIVATION ETCH,METAL ETCH DRY,DIELECTRIC ETCH VIA,VIA ETCH THROUGH DIELECTRIC
valid_0013,MEASURE VIA CD,RCA CLEAN 1,WET CLEAN RCA1,DEPOSIT BARRIER METAL,CLEAN AFTER POLY ETCH
valid_0014,STRIP RESIST,STRIP PHOTORESIST,STRIP RESIST LEVEL 2,RINSE WET WAFER_EDGE,MEASURE VIA CD
valid_0015,MEASURE VIA CD,RCA CLEAN 1,WET CLEAN RCA1,DEPOSIT BARRIER METAL,CLEAN AFTER POLY ETCH
valid_0016,STRIP RESIST,STRIP PHOTORESIST,STRIP RESIST LEVEL 2,RINSE WET WAFER_EDGE,MEASURE VIA CD
valid_0017,CLEAN AFTER VIA ETCH,OXIDE ETCH DRY,ETCH SILICON OR OXIDE WINDOW,PASSIVATION ETCH PAD OPENING,WAFER CLEAN PRE-GRIND
valid_0018,PASSIVATION ETCH,PASSIVATION ETCH PAD OPENING,METAL ETCH DRY,DIELECTRIC ETCH VIA,VIA ETCH THROUGH DIELECTRIC
valid_0019,DEPOSIT BARRIER METAL,ANNEAL DIELECTRIC,MEASURE LINE WIDTH,MEASURE EPITAXY THICKNESS,MEASURE PASSIVATION THICKNESS
valid_0020,STRIP RESIST,STRIP PHOTORESIST,STRIP RESIST LEVEL 2,RINSE WET WAFER_EDGE,MEASURE VIA CD
valid_0021,CLEAN AFTER VIA ETCH,OXIDE ETCH DRY,ETCH SILICON OR OXIDE WINDOW,WAFER CLEAN PRE-GRIND,PASSIVATION ETCH PAD OPENING
valid_0022,DEVELOP PHOTORESIST,DEVELOP PAD WINDOW,GRINDING WAFER BACKSIDE,MEASURE GATE CD,MEASURE OPENING CD
valid_0023,CLEAN AFTER VIA ETCH,OXIDE ETCH DRY,ETCH SILICON OR OXIDE WINDOW,PASSIVATION ETCH PAD OPENING,WAFER CLEAN PRE-GRIND
valid_0024,PASSIVATION ETCH PAD OPENING,PASSIVATION ETCH,METAL ETCH DRY,DIELECTRIC ETCH VIA,VIA ETCH THROUGH DIELECTRIC
valid_0025,CLEAN AFTER VIA ETCH,OXIDE ETCH DRY,ETCH SILICON OR OXIDE WINDOW,WAFER CLEAN PRE-GRIND,PASSIVATION ETCH PAD OPENING
valid_0026,DEVELOP PHOTORESIST,DEVELOP PAD WINDOW,GRINDING WAFER BACKSIDE,MEASURE GATE CD,MEASURE OPENING CD
valid_0027,STRIP RESIST,STRIP PHOTORESIST,STRIP RESIST LEVEL 2,RINSE WET WAFER_EDGE,MEASURE VIA CD
valid_0028,PAD WINDOW LITHO,OPEN PAD WINDOW LITHO,POST EXPOSE BAKE,EXPOSE LITHO LEVEL 3,EXPOSE LITHO LEVEL 5
valid_0029,STRIP RESIST,STRIP PHOTORESIST,STRIP RESIST LEVEL 2,RINSE WET WAFER_EDGE,MEASURE VIA CD
valid_0030,DEVELOP PHOTORESIST,DEVELOP PAD WINDOW,GRINDING WAFER BACKSIDE,MEASURE GATE CD,MEASURE OPENING CD
valid_0031,MEASURE VIA CD,RCA CLEAN 1,WET CLEAN RCA1,DEPOSIT BARRIER METAL,CLEAN AFTER POLY ETCH
valid_0032,STRIP RESIST,STRIP PHOTORESIST,STRIP RESIST LEVEL 2,RINSE WET WAFER_EDGE,MEASURE VIA CD
valid_0033,FILL VIA METAL,FILL VIA TUNGSTEN,MEASURE BACKSIDE CONTACT,CMP METAL,CMP VIA FILL
valid_0034,STRIP RESIST,STRIP PHOTORESIST,STRIP RESIST LEVEL 2,RINSE WET WAFER_EDGE,MEASURE VIA CD
valid_0035,DEPOSIT BARRIER METAL,ANNEAL DIELECTRIC,MEASURE LINE WIDTH,MEASURE EPITAXY THICKNESS,MEASURE PASSIVATION THICKNESS
valid_0036,CLEAN PAD OPENING,DEPOSIT PAD OXIDE,MEASURE THICKNESS,RCA CLEAN 2,WET CLEAN RCA2
valid_0037,MEASURE VIA CD,RCA CLEAN 1,WET CLEAN RCA1,DEPOSIT BARRIER METAL,CLEAN AFTER POLY ETCH
valid_0038,STRIP RESIST,STRIP PHOTORESIST,STRIP RESIST LEVEL 2,MEASURE VIA CD,RINSE WET WAFER_EDGE
valid_0039,CMP METAL,CMP VIA FILL,MEASURE CONTACT RESISTANCE,MEASURE VIA RESISTANCE,FINAL CLEAN
valid_0040,MEASURE PAD OPENING,BACKSIDE THINNING CHECK,PRE CLEAN WAFER,STRIP PHOTORESIST,MEASURE LINE WIDTH
valid_0041,MEASURE VIA CD,RCA CLEAN 1,WET CLEAN RCA1,DEPOSIT BARRIER METAL,CLEAN AFTER POLY ETCH
valid_0042,DEVELOP PHOTORESIST,DEVELOP PAD WINDOW,GRINDING WAFER BACKSIDE,MEASURE GATE CD,MEASURE OPENING CD
valid_0043,MEASURE VIA CD,RCA CLEAN 1,WET CLEAN RCA1,DEPOSIT BARRIER METAL,CLEAN AFTER POLY ETCH
valid_0044,PASSIVATION ETCH,PASSIVATION ETCH PAD OPENING,METAL ETCH DRY,DIELECTRIC ETCH VIA,VIA ETCH THROUGH DIELECTRIC
valid_0045,MEASURE VIA CD,RCA CLEAN 1,WET CLEAN RCA1,DEPOSIT BARRIER METAL,CLEAN AFTER POLY ETCH
valid_0046,PASSIVATION ETCH,PASSIVATION ETCH PAD OPENING,METAL ETCH DRY,DIELECTRIC ETCH VIA,VIA ETCH THROUGH DIELECTRIC
valid_0047,DEPOSIT METAL SEED,DEPOSIT TUNGSTEN SEED,MEASURE CD LEVEL 1,CLEAN AFTER FIELD ETCH,MEASURE THICKNESS
valid_0048,STRIP RESIST,STRIP PHOTORESIST,STRIP RESIST LEVEL 2,RINSE WET WAFER_EDGE,MEASURE VIA CD
valid_0049,DEPOSIT BARRIER METAL,ANNEAL DIELECTRIC,MEASURE LINE WIDTH,MEASURE EPITAXY THICKNESS,MEASURE PASSIVATION THICKNESS
valid_0050,PASSIVATION ETCH PAD OPENING,PASSIVATION ETCH,METAL ETCH DRY,DIELECTRIC ETCH VIA,VIA ETCH THROUGH DIELECTRIC
valid_0051,DEPOSIT BARRIER METAL,ANNEAL DIELECTRIC,MEASURE LINE WIDTH,MEASURE EPITAXY THICKNESS,MEASURE PASSIVATION THICKNESS
valid_0052,STRIP RESIST,STRIP PHOTORESIST,STRIP RESIST LEVEL 2,RINSE WET WAFER_EDGE,MEASURE VIA CD
valid_0053,CLEAN AFTER VIA ETCH,OXIDE ETCH DRY,ETCH SILICON OR OXIDE WINDOW,WAFER CLEAN PRE-GRIND,PASSIVATION ETCH PAD OPENING
valid_0054,PASSIVATION ETCH PAD OPENING,PASSIVATION ETCH,METAL ETCH DRY,DIELECTRIC ETCH VIA,VIA ETCH THROUGH DIELECTRIC
valid_0055,DEPOSIT TUNGSTEN SEED,DEPOSIT METAL SEED,MEASURE CD LEVEL 1,MEASURE THICKNESS,MEASURE WAFER THICKNESS
valid_0056,CLEAN PAD OPENING,DEPOSIT PAD OXIDE,MEASURE THICKNESS,RCA CLEAN 2,WET CLEAN RCA2
valid_0057,STRIP RESIST,STRIP PHOTORESIST,STRIP RESIST LEVEL 2,RINSE WET WAFER_EDGE,MEASURE VIA CD
valid_0058,STRIP RESIST,STRIP PHOTORESIST,STRIP RESIST LEVEL 2,RINSE WET WAFER_EDGE,MEASURE VIA CD
valid_0059,MEASURE VIA CD,RCA CLEAN 1,WET CLEAN RCA1,DEPOSIT BARRIER METAL,CLEAN AFTER POLY ETCH
valid_0060,PASSIVATION ETCH PAD OPENING,PASSIVATION ETCH,METAL ETCH DRY,DIELECTRIC ETCH VIA,VIA ETCH THROUGH DIELECTRIC
valid_0061,DEPOSIT BARRIER METAL,ANNEAL DIELECTRIC,MEASURE LINE WIDTH,MEASURE EPITAXY THICKNESS,MEASURE PASSIVATION THICKNESS
valid_0062,DEVELOP PHOTORESIST,DEVELOP PAD WINDOW,GRINDING WAFER BACKSIDE,MEASURE GATE CD,MEASURE OPENING CD
valid_0063,STRIP RESIST,STRIP PHOTORESIST,STRIP RESIST LEVEL 2,RINSE WET WAFER_EDGE,MEASURE VIA CD
valid_0064,DEVELOP PHOTORESIST,DEVELOP PAD WINDOW,GRINDING WAFER BACKSIDE,MEASURE GATE CD,MEASURE OPENING CD
valid_0065,MEASURE VIA CD,RCA CLEAN 1,WET CLEAN RCA1,DEPOSIT BARRIER METAL,CLEAN AFTER POLY ETCH
valid_0066,PASSIVATION ETCH PAD OPENING,PASSIVATION ETCH,METAL ETCH DRY,DIELECTRIC ETCH VIA,VIA ETCH THROUGH DIELECTRIC
valid_0067,CLEAN AFTER VIA ETCH,OXIDE ETCH DRY,ETCH SILICON OR OXIDE WINDOW,WAFER CLEAN PRE-GRIND,PASSIVATION ETCH PAD OPENING
valid_0068,STRIP RESIST,STRIP PHOTORESIST,STRIP RESIST LEVEL 2,RINSE WET WAFER_EDGE,MEASURE VIA CD
valid_0069,CLEAN AFTER VIA ETCH,OXIDE ETCH DRY,ETCH SILICON OR OXIDE WINDOW,WAFER CLEAN PRE-GRIND,PASSIVATION ETCH PAD OPENING
valid_0070,PASSIVATION ETCH PAD OPENING,PASSIVATION ETCH,METAL ETCH DRY,DIELECTRIC ETCH VIA,VIA ETCH THROUGH DIELECTRIC
valid_0071,CLEAN AFTER VIA ETCH,OXIDE ETCH DRY,ETCH SILICON OR OXIDE WINDOW,PASSIVATION ETCH PAD OPENING,WAFER CLEAN PRE-GRIND
valid_0072,PASSIVATION ETCH PAD OPENING,PASSIVATION ETCH,METAL ETCH DRY,DIELECTRIC ETCH VIA,VIA ETCH THROUGH DIELECTRIC
valid_0073,MEASURE VIA CD,RCA CLEAN 1,WET CLEAN RCA1,DEPOSIT BARRIER METAL,CLEAN AFTER POLY ETCH
valid_0074,STRIP RESIST,STRIP PHOTORESIST,STRIP RESIST LEVEL 2,MEASURE VIA CD,RINSE WET WAFER_EDGE
valid_0075,MEASURE VIA CD,RCA CLEAN 1,WET CLEAN RCA1,DEPOSIT BARRIER METAL,CLEAN AFTER POLY ETCH
valid_0076,PASSIVATION ETCH PAD OPENING,PASSIVATION ETCH,METAL ETCH DRY,DIELECTRIC ETCH VIA,VIA ETCH THROUGH DIELECTRIC
valid_0077,CLEAN AFTER VIA ETCH,OXIDE ETCH DRY,ETCH SILICON OR OXIDE WINDOW,WAFER CLEAN PRE-GRIND,PASSIVATION ETCH PAD OPENING
valid_0078,STRIP RESIST,STRIP PHOTORESIST,STRIP RESIST LEVEL 2,RINSE WET WAFER_EDGE,MEASURE VIA CD
valid_0079,MEASURE VIA CD,RCA CLEAN 1,WET CLEAN RCA1,DEPOSIT BARRIER METAL,CLEAN AFTER POLY ETCH
valid_0080,STRIP RESIST,STRIP PHOTORESIST,STRIP RESIST LEVEL 2,RINSE WET WAFER_EDGE,MEASURE VIA CD
valid_0081,DEPOSIT BARRIER METAL,ANNEAL DIELECTRIC,MEASURE LINE WIDTH,MEASURE EPITAXY THICKNESS,MEASURE PASSIVATION THICKNESS
valid_0082,STRIP RESIST,STRIP PHOTORESIST,STRIP RESIST LEVEL 2,RINSE WET WAFER_EDGE,MEASURE VIA CD
valid_0083,STRIP RESIST,STRIP PHOTORESIST,STRIP RESIST LEVEL 2,RINSE WET WAFER_EDGE,MEASURE VIA CD
valid_0084,PASSIVATION ETCH,PASSIVATION ETCH PAD OPENING,METAL ETCH DRY,DIELECTRIC ETCH VIA,VIA ETCH THROUGH DIELECTRIC
valid_0085,MEASURE VIA CD,RCA CLEAN 1,WET CLEAN RCA1,DEPOSIT BARRIER METAL,CLEAN AFTER POLY ETCH
valid_0086,CLEAN PAD OPENING,DEPOSIT PAD OXIDE,MEASURE THICKNESS,RCA CLEAN 2,WET CLEAN RCA2
valid_0087,VIA ETCH,VIA ETCH THROUGH DIELECTRIC,DIELECTRIC ETCH VIA,METAL ETCH DRY,PASSIVATION ETCH
valid_0088,PAD WINDOW LITHO,OPEN PAD WINDOW LITHO,POST EXPOSE BAKE,EXPOSE LITHO LEVEL 3,EXPOSE LITHO LEVEL 5
valid_0089,CLEAN AFTER VIA ETCH,OXIDE ETCH DRY,ETCH SILICON OR OXIDE WINDOW,WAFER CLEAN PRE-GRIND,PASSIVATION ETCH PAD OPENING
valid_0090,STRIP RESIST,STRIP PHOTORESIST,STRIP RESIST LEVEL 2,RINSE WET WAFER_EDGE,MEASURE VIA CD
valid_0091,MEASURE VIA CD,RCA CLEAN 1,WET CLEAN RCA1,DEPOSIT BARRIER METAL,CLEAN AFTER POLY ETCH
valid_0092,DEVELOP PHOTORESIST,DEVELOP PAD WINDOW,GRINDING WAFER BACKSIDE,MEASURE GATE CD,MEASURE OPENING CD
valid_0093,STRIP RESIST,STRIP PHOTORESIST,STRIP RESIST LEVEL 2,RINSE WET WAFER_EDGE,MEASURE VIA CD
valid_0094,STRIP RESIST,STRIP PHOTORESIST,STRIP RESIST LEVEL 2,RINSE WET WAFER_EDGE,MEASURE VIA CD
valid_0095,MEASURE VIA CD,RCA CLEAN 1,WET CLEAN RCA1,DEPOSIT BARRIER METAL,CLEAN AFTER POLY ETCH
valid_0096,STRIP RESIST,STRIP PHOTORESIST,STRIP RESIST LEVEL 2,RINSE WET WAFER_EDGE,MEASURE VIA CD
valid_0097,CLEAN AFTER VIA ETCH,OXIDE ETCH DRY,ETCH SILICON OR OXIDE WINDOW,PASSIVATION ETCH PAD OPENING,WAFER CLEAN PRE-GRIND
valid_0098,PASSIVATION ETCH PAD OPENING,PASSIVATION ETCH,METAL ETCH DRY,DIELECTRIC ETCH VIA,VIA ETCH THROUGH DIELECTRIC
valid_0099,FILL VIA METAL,FILL VIA TUNGSTEN,MEASURE BACKSIDE CONTACT,CMP METAL,CMP VIA FILL
valid_0100,CLEAN PAD OPENING,DEPOSIT PAD OXIDE,MEASURE THICKNESS,RCA CLEAN 2,WET CLEAN RCA2
valid_0101,CLEAN AFTER VIA ETCH,OXIDE ETCH DRY,ETCH SILICON OR OXIDE WINDOW,WAFER CLEAN PRE-GRIND,PASSIVATION ETCH PAD OPENING
valid_0102,STRIP RESIST,STRIP PHOTORESIST,STRIP RESIST LEVEL 2,RINSE WET WAFER_EDGE,MEASURE VIA CD
valid_0103,DEPOSIT BARRIER METAL,ANNEAL DIELECTRIC,MEASURE LINE WIDTH,MEASURE EPITAXY THICKNESS,MEASURE PASSIVATION THICKNESS
valid_0104,PASSIVATION ETCH,PASSIVATION ETCH PAD OPENING,METAL ETCH DRY,DIELECTRIC ETCH VIA,VIA ETCH THROUGH DIELECTRIC
valid_0105,DEPOSIT BARRIER METAL,ANNEAL DIELECTRIC,MEASURE LINE WIDTH,MEASURE EPITAXY THICKNESS,MEASURE PASSIVATION THICKNESS
valid_0106,STRIP RESIST,STRIP PHOTORESIST,STRIP RESIST LEVEL 2,RINSE WET WAFER_EDGE,MEASURE VIA CD
valid_0107,DEPOSIT TUNGSTEN SEED,DEPOSIT METAL SEED,MEASURE CD LEVEL 1,CLEAN AFTER FIELD ETCH,MEASURE THICKNESS
valid_0108,PASSIVATION ETCH,PASSIVATION ETCH PAD OPENING,METAL ETCH DRY,DIELECTRIC ETCH VIA,VIA ETCH THROUGH DIELECTRIC
valid_0109,CLEAN AFTER VIA ETCH,OXIDE ETCH DRY,ETCH SILICON OR OXIDE WINDOW,PASSIVATION ETCH PAD OPENING,WAFER CLEAN PRE-GRIND
valid_0110,DEVELOP PHOTORESIST,DEVELOP PAD WINDOW,GRINDING WAFER BACKSIDE,MEASURE GATE CD,MEASURE OPENING CD
valid_0111,CLEAN AFTER VIA ETCH,OXIDE ETCH DRY,ETCH SILICON OR OXIDE WINDOW,WAFER CLEAN PRE-GRIND,PASSIVATION ETCH PAD OPENING
valid_0112,STRIP RESIST,STRIP PHOTORESIST,STRIP RESIST LEVEL 2,RINSE WET WAFER_EDGE,MEASURE VIA CD
valid_0113,MEASURE VIA CD,RCA CLEAN 1,WET CLEAN RCA1,DEPOSIT BARRIER METAL,CLEAN AFTER POLY ETCH
valid_0114,CLEAN PAD OPENING,DEPOSIT PAD OXIDE,MEASURE THICKNESS,RCA CLEAN 2,MEASURE WAFER THICKNESS
valid_0115,MEASURE VIA CD,RCA CLEAN 1,WET CLEAN RCA1,DEPOSIT BARRIER METAL,CLEAN AFTER POLY ETCH
valid_0116,STRIP RESIST,STRIP PHOTORESIST,STRIP RESIST LEVEL 2,RINSE WET WAFER_EDGE,MEASURE VIA CD
valid_0117,CLEAN AFTER VIA ETCH,OXIDE ETCH DRY,ETCH SILICON OR OXIDE WINDOW,WAFER CLEAN PRE-GRIND,PASSIVATION ETCH PAD OPENING
valid_0118,PASSIVATION ETCH PAD OPENING,PASSIVATION ETCH,METAL ETCH DRY,DIELECTRIC ETCH VIA,VIA ETCH THROUGH DIELECTRIC
valid_0119,DEPOSIT BARRIER METAL,ANNEAL DIELECTRIC,MEASURE LINE WIDTH,MEASURE EPITAXY THICKNESS,MEASURE PASSIVATION THICKNESS
valid_0120,CLEAN PAD OPENING,DEPOSIT PAD OXIDE,MEASURE THICKNESS,RCA CLEAN 2,MEASURE WAFER THICKNESS
valid_0121,MEASURE VIA CD,RCA CLEAN 1,WET CLEAN RCA1,DEPOSIT BARRIER METAL,CLEAN AFTER POLY ETCH
valid_0122,PASSIVATION ETCH PAD OPENING,PASSIVATION ETCH,METAL ETCH DRY,DIELECTRIC ETCH VIA,VIA ETCH THROUGH DIELECTRIC
valid_0123,FILL VIA METAL,FILL VIA TUNGSTEN,MEASURE BACKSIDE CONTACT,CMP METAL,CMP VIA FILL
valid_0124,CLEAN PAD OPENING,DEPOSIT PAD OXIDE,MEASURE THICKNESS,RCA CLEAN 2,WET CLEAN RCA2
valid_0125,MEASURE VIA CD,RCA CLEAN 1,WET CLEAN RCA1,DEPOSIT BARRIER METAL,CLEAN AFTER POLY ETCH
valid_0126,STRIP RESIST,STRIP PHOTORESIST,STRIP RESIST LEVEL 2,RINSE WET WAFER_EDGE,MEASURE VIA CD
valid_0127,CLEAN AFTER VIA ETCH,OXIDE ETCH DRY,ETCH SILICON OR OXIDE WINDOW,WAFER CLEAN PRE-GRIND,PASSIVATION ETCH PAD OPENING
valid_0128,STRIP RESIST,STRIP PHOTORESIST,STRIP RESIST LEVEL 2,RINSE WET WAFER_EDGE,MEASURE VIA CD
valid_0129,VIA ETCH,VIA ETCH THROUGH DIELECTRIC,DIELECTRIC ETCH VIA,METAL ETCH DRY,PASSIVATION ETCH
valid_0130,DEVELOP PHOTORESIST,DEVELOP PAD WINDOW,GRINDING WAFER BACKSIDE,MEASURE GATE CD,MEASURE OPENING CD
valid_0131,DEPOSIT TUNGSTEN SEED,DEPOSIT METAL SEED,MEASURE THICKNESS,MEASURE CD LEVEL 1,MEASURE WAFER THICKNESS
valid_0132,CLEAN PAD OPENING,DEPOSIT PAD OXIDE,MEASURE THICKNESS,RCA CLEAN 2,WET CLEAN RCA2
valid_0133,DEPOSIT METAL SEED,DEPOSIT TUNGSTEN SEED,MEASURE CD LEVEL 1,CLEAN AFTER FIELD ETCH,MEASURE THICKNESS
valid_0134,CLEAN PAD OPENING,DEPOSIT PAD OXIDE,MEASURE THICKNESS,RCA CLEAN 2,MEASURE WAFER THICKNESS
valid_0135,DEPOSIT TUNGSTEN SEED,DEPOSIT METAL SEED,MEASURE CD LEVEL 1,MEASURE THICKNESS,MEASURE WAFER THICKNESS
valid_0136,CLEAN PAD OPENING,DEPOSIT PAD OXIDE,MEASURE THICKNESS,RCA CLEAN 2,WET CLEAN RCA2
valid_0137,MEASURE VIA CD,RCA CLEAN 1,WET CLEAN RCA1,DEPOSIT BARRIER METAL,CLEAN AFTER POLY ETCH
valid_0138,PASSIVATION ETCH PAD OPENING,PASSIVATION ETCH,METAL ETCH DRY,DIELECTRIC ETCH VIA,VIA ETCH THROUGH DIELECTRIC
valid_0139,CLEAN AFTER VIA ETCH,OXIDE ETCH DRY,ETCH SILICON OR OXIDE WINDOW,PASSIVATION ETCH PAD OPENING,WAFER CLEAN PRE-GRIND
valid_0140,STRIP RESIST,STRIP PHOTORESIST,STRIP RESIST LEVEL 2,RINSE WET WAFER_EDGE,MEASURE VIA CD
valid_0141,DEPOSIT BARRIER METAL,ANNEAL DIELECTRIC,MEASURE LINE WIDTH,MEASURE EPITAXY THICKNESS,MEASURE PASSIVATION THICKNESS
valid_0142,STRIP RESIST,STRIP PHOTORESIST,STRIP RESIST LEVEL 2,RINSE WET WAFER_EDGE,MEASURE VIA CD
valid_0143,DEPOSIT METAL SEED,DEPOSIT TUNGSTEN SEED,MEASURE CD LEVEL 1,CLEAN AFTER FIELD ETCH,MEASURE THICKNESS
valid_0144,PASSIVATION ETCH,PASSIVATION ETCH PAD OPENING,METAL ETCH DRY,DIELECTRIC ETCH VIA,VIA ETCH THROUGH DIELECTRIC
valid_0145,MEASURE VIA CD,RCA CLEAN 1,WET CLEAN RCA1,DEPOSIT BARRIER METAL,CLEAN AFTER POLY ETCH
valid_0146,PASSIVATION ETCH PAD OPENING,PASSIVATION ETCH,METAL ETCH DRY,DIELECTRIC ETCH VIA,VIA ETCH THROUGH DIELECTRIC
valid_0147,MEASURE VIA CD,RCA CLEAN 1,WET CLEAN RCA1,DEPOSIT BARRIER METAL,CLEAN AFTER POLY ETCH
valid_0148,STRIP RESIST,STRIP PHOTORESIST,STRIP RESIST LEVEL 2,MEASURE VIA CD,RINSE WET WAFER_EDGE
valid_0149,MEASURE VIA CD,RCA CLEAN 1,WET CLEAN RCA1,DEPOSIT BARRIER METAL,CLEAN AFTER POLY ETCH
valid_0150,STRIP RESIST,STRIP PHOTORESIST,STRIP RESIST LEVEL 2,RINSE WET WAFER_EDGE,MEASURE VIA CD
valid_0151,MEASURE VIA CD,RCA CLEAN 1,WET CLEAN RCA1,DEPOSIT BARRIER METAL,CLEAN AFTER POLY ETCH
valid_0152,DEVELOP PHOTORESIST,DEVELOP PAD WINDOW,GRINDING WAFER BACKSIDE,MEASURE GATE CD,MEASURE OPENING CD
valid_0153,MEASURE VIA CD,RCA CLEAN 1,WET CLEAN RCA1,DEPOSIT BARRIER METAL,CLEAN AFTER POLY ETCH
valid_0154,DEVELOP PHOTORESIST,DEVELOP PAD WINDOW,GRINDING WAFER BACKSIDE,MEASURE GATE CD,MEASURE OPENING CD
valid_0155,CLEAN AFTER VIA ETCH,OXIDE ETCH DRY,ETCH SILICON OR OXIDE WINDOW,PASSIVATION ETCH PAD OPENING,WAFER CLEAN PRE-GRIND
valid_0156,STRIP RESIST,STRIP PHOTORESIST,STRIP RESIST LEVEL 2,RINSE WET WAFER_EDGE,MEASURE VIA CD
valid_0157,DEPOSIT BARRIER METAL,ANNEAL DIELECTRIC,MEASURE LINE WIDTH,MEASURE EPITAXY THICKNESS,MEASURE PASSIVATION THICKNESS
valid_0158,PASSIVATION ETCH,PASSIVATION ETCH PAD OPENING,METAL ETCH DRY,DIELECTRIC ETCH VIA,VIA ETCH THROUGH DIELECTRIC
valid_0159,MEASURE VIA CD,RCA CLEAN 1,WET CLEAN RCA1,DEPOSIT BARRIER METAL,CLEAN AFTER POLY ETCH
valid_0160,STRIP RESIST,STRIP PHOTORESIST,STRIP RESIST LEVEL 2,RINSE WET WAFER_EDGE,MEASURE VIA CD
valid_0161,STRIP RESIST,STRIP PHOTORESIST,STRIP RESIST LEVEL 2,RINSE WET WAFER_EDGE,MEASURE VIA CD
valid_0162,DEVELOP PHOTORESIST,DEVELOP PAD WINDOW,GRINDING WAFER BACKSIDE,MEASURE GATE CD,MEASURE OPENING CD
valid_0163,MEASURE VIA CD,RCA CLEAN 1,WET CLEAN RCA1,DEPOSIT BARRIER METAL,CLEAN AFTER POLY ETCH
valid_0164,STRIP RESIST,STRIP PHOTORESIST,STRIP RESIST LEVEL 2,RINSE WET WAFER_EDGE,MEASURE VIA CD
valid_0165,MEASURE VIA CD,RCA CLEAN 1,WET CLEAN RCA1,DEPOSIT BARRIER METAL,CLEAN AFTER POLY ETCH
valid_0166,STRIP RESIST,STRIP PHOTORESIST,STRIP RESIST LEVEL 2,RINSE WET WAFER_EDGE,MEASURE VIA CD
valid_0167,DEPOSIT BARRIER METAL,ANNEAL DIELECTRIC,MEASURE LINE WIDTH,MEASURE EPITAXY THICKNESS,MEASURE PASSIVATION THICKNESS
valid_0168,CLEAN PAD OPENING,DEPOSIT PAD OXIDE,MEASURE THICKNESS,RCA CLEAN 2,WET CLEAN RCA2
valid_0169,STRIP RESIST,STRIP PHOTORESIST,STRIP RESIST LEVEL 2,RINSE WET WAFER_EDGE,MEASURE VIA CD
valid_0170,STRIP RESIST,STRIP PHOTORESIST,STRIP RESIST LEVEL 2,RINSE WET WAFER_EDGE,MEASURE VIA CD
valid_0171,DEPOSIT TUNGSTEN SEED,DEPOSIT METAL SEED,MEASURE CD LEVEL 1,MEASURE THICKNESS,MEASURE WAFER THICKNESS
valid_0172,STRIP RESIST,STRIP PHOTORESIST,STRIP RESIST LEVEL 2,RINSE WET WAFER_EDGE,MEASURE VIA CD
valid_0173,MEASURE VIA CD,RCA CLEAN 1,WET CLEAN RCA1,DEPOSIT BARRIER METAL,CLEAN AFTER POLY ETCH
valid_0174,PASSIVATION ETCH,PASSIVATION ETCH PAD OPENING,METAL ETCH DRY,DIELECTRIC ETCH VIA,VIA ETCH THROUGH DIELECTRIC
valid_0175,MEASURE VIA CD,RCA CLEAN 1,WET CLEAN RCA1,DEPOSIT BARRIER METAL,CLEAN AFTER POLY ETCH
valid_0176,STRIP RESIST,STRIP PHOTORESIST,STRIP RESIST LEVEL 2,RINSE WET WAFER_EDGE,MEASURE VIA CD
valid_0177,DEPOSIT METAL SEED,DEPOSIT TUNGSTEN SEED,MEASURE CD LEVEL 1,CLEAN AFTER FIELD ETCH,MEASURE THICKNESS
valid_0178,STRIP RESIST,STRIP PHOTORESIST,STRIP RESIST LEVEL 2,RINSE WET WAFER_EDGE,MEASURE VIA CD
valid_0179,FILL VIA METAL,FILL VIA TUNGSTEN,MEASURE BACKSIDE CONTACT,CMP METAL,CMP VIA FILL
valid_0180,MEASURE PAD OPENING,BACKSIDE THINNING CHECK,PRE CLEAN WAFER,STRIP PHOTORESIST,MEASURE LINE WIDTH
valid_0181,STRIP RESIST,STRIP PHOTORESIST,STRIP RESIST LEVEL 2,RINSE WET WAFER_EDGE,MEASURE VIA CD
valid_0182,DEVELOP PHOTORESIST,DEVELOP PAD WINDOW,GRINDING WAFER BACKSIDE,MEASURE GATE CD,MEASURE OPENING CD
valid_0183,DEPOSIT BARRIER METAL,ANNEAL DIELECTRIC,MEASURE LINE WIDTH,MEASURE EPITAXY THICKNESS,MEASURE PASSIVATION THICKNESS
valid_0184,STRIP RESIST,STRIP PHOTORESIST,STRIP RESIST LEVEL 2,RINSE WET WAFER_EDGE,MEASURE VIA CD
valid_0185,DEPOSIT BARRIER METAL,ANNEAL DIELECTRIC,MEASURE LINE WIDTH,MEASURE EPITAXY THICKNESS,MEASURE PASSIVATION THICKNESS
valid_0186,STRIP RESIST,STRIP PHOTORESIST,STRIP RESIST LEVEL 2,RINSE WET WAFER_EDGE,MEASURE VIA CD
valid_0187,STRIP RESIST,STRIP PHOTORESIST,STRIP RESIST LEVEL 2,RINSE WET WAFER_EDGE,MEASURE VIA CD
valid_0188,STRIP RESIST,STRIP PHOTORESIST,STRIP RESIST LEVEL 2,RINSE WET WAFER_EDGE,MEASURE VIA CD
valid_0189,MEASURE VIA CD,RCA CLEAN 1,WET CLEAN RCA1,DEPOSIT BARRIER METAL,CLEAN AFTER POLY ETCH
valid_0190,PASSIVATION ETCH,PASSIVATION ETCH PAD OPENING,METAL ETCH DRY,DIELECTRIC ETCH VIA,VIA ETCH THROUGH DIELECTRIC
valid_0191,VIA ETCH THROUGH DIELECTRIC,DIELECTRIC ETCH VIA,VIA ETCH,METAL ETCH DRY,PASSIVATION ETCH
valid_0192,STRIP RESIST,STRIP PHOTORESIST,STRIP RESIST LEVEL 2,RINSE WET WAFER_EDGE,MEASURE VIA CD
valid_0193,CLEAN AFTER VIA ETCH,OXIDE ETCH DRY,ETCH SILICON OR OXIDE WINDOW,WAFER CLEAN PRE-GRIND,PASSIVATION ETCH PAD OPENING
valid_0194,PASSIVATION ETCH PAD OPENING,PASSIVATION ETCH,METAL ETCH DRY,DIELECTRIC ETCH VIA,VIA ETCH THROUGH DIELECTRIC
valid_0195,MEASURE VIA CD,RCA CLEAN 1,WET CLEAN RCA1,DEPOSIT BARRIER METAL,CLEAN AFTER POLY ETCH
valid_0196,CLEAN PAD OPENING,DEPOSIT PAD OXIDE,MEASURE THICKNESS,RCA CLEAN 2,WET CLEAN RCA2
valid_0197,STRIP RESIST,STRIP PHOTORESIST,STRIP RESIST LEVEL 2,RINSE WET WAFER_EDGE,MEASURE VIA CD
valid_0198,STRIP RESIST,STRIP PHOTORESIST,STRIP RESIST LEVEL 2,RINSE WET WAFER_EDGE,MEASURE VIA CD
valid_0199,MEASURE VIA CD,RCA CLEAN 1,WET CLEAN RCA1,DEPOSIT BARRIER METAL,CLEAN AFTER POLY ETCH
valid_0200,STRIP RESIST,STRIP PHOTORESIST,STRIP RESIST LEVEL 2,MEASURE VIA CD,RINSE WET WAFER_EDGE
valid_0201,CMP DIELECTRIC,CMP INTERLAYER DIELECTRIC,FINAL ELECTRICAL TEST PREP,POLYSILICON ANNEAL,GRINDING WAFER BACKSIDE
valid_0202,DEPOSIT PASSIVATION LAYER,DEPOSIT PASSIVATION,DEPOSIT FIELD OXIDE,SOFT BAKE,WAFER CLEAN PRE-GRIND
valid_0203,SPIN COAT PHOTORESIST,CLEAN AFTER WINDOW ETCH,ALIGN MASK LEVEL 2,IMPLANT N BUFFER,DEPOSIT BACKSIDE METAL
valid_0204,DEPOSIT PASSIVATION LAYER,DEPOSIT PASSIVATION,DEPOSIT FIELD OXIDE,SOFT BAKE,WAFER CLEAN PRE-GRIND
valid_0205,SPIN COAT PHOTORESIST,CLEAN AFTER WINDOW ETCH,ALIGN MASK LEVEL 2,IMPLANT N BUFFER,DEPOSIT BACKSIDE METAL
valid_0206,CURE PASSIVATION,RCA CLEAN 2,WET CLEAN RCA2,FINAL LOT RELEASE,PAD WINDOW LITHO
valid_0207,CMP DIELECTRIC,CMP INTERLAYER DIELECTRIC,FINAL ELECTRICAL TEST PREP,POLYSILICON ANNEAL,GRINDING WAFER BACKSIDE
valid_0208,DEPOSIT PASSIVATION LAYER,DEPOSIT PASSIVATION,DEPOSIT FIELD OXIDE,SOFT BAKE,WAFER CLEAN PRE-GRIND
valid_0209,CMP DIELECTRIC,CMP INTERLAYER DIELECTRIC,FINAL ELECTRICAL TEST PREP,POLYSILICON ANNEAL,GRINDING WAFER BACKSIDE
valid_0210,DEPOSIT PASSIVATION LAYER,DEPOSIT PASSIVATION,DEPOSIT FIELD OXIDE,SOFT BAKE,WAFER CLEAN PRE-GRIND
valid_0211,MEASURE PLANARITY,MEASURE SURFACE PLANARITY,MEASURE METAL THICKNESS,MEASURE POLY THICKNESS,ANNEAL POLYSILICON
valid_0212,DEPOSIT PASSIVATION LAYER,DEPOSIT PASSIVATION,DEPOSIT FIELD OXIDE,SOFT BAKE,WAFER CLEAN PRE-GRIND
valid_0213,SPIN COAT PHOTORESIST,CLEAN AFTER WINDOW ETCH,ALIGN MASK LEVEL 2,IMPLANT N BUFFER,DEPOSIT BACKSIDE METAL
valid_0214,CURE PASSIVATION,RCA CLEAN 2,WET CLEAN RCA2,FINAL LOT RELEASE,DENSIFY DIELECTRIC
valid_0215,MEASURE PLANARITY,MEASURE SURFACE PLANARITY,MEASURE METAL THICKNESS,MEASURE POLY THICKNESS,ANNEAL POLYSILICON
valid_0216,MEASURE PASSIVATION QUALITY,MEASURE PASSIVATION THICKNESS,BACKSIDE CLEAN FINAL,BACKSIDE CLEAN,CLEAN AFTER METAL ETCH
valid_0217,CMP DIELECTRIC,CMP INTERLAYER DIELECTRIC,FINAL ELECTRICAL TEST PREP,POLYSILICON ANNEAL,GRINDING WAFER BACKSIDE
valid_0218,MEASURE LINE WIDTH,DEPOSIT PASSIVATION,DEPOSIT PASSIVATION LAYER,ALIGN MASK LEVEL 3,CLEAN AFTER METAL ETCH
valid_0219,SOFT BAKE,FINAL PARTICLE INSPECTION,FINAL ELECTRICAL TEST PREP,MEASURE INITIAL GEOMETRY,DEPOSIT PASSIVATION LAYER
valid_0220,MEASURE PASSIVATION QUALITY,MEASURE PASSIVATION THICKNESS,BACKSIDE CLEAN FINAL,BACKSIDE CLEAN,CLEAN AFTER METAL ETCH
valid_0221,MEASURE PLANARITY,MEASURE SURFACE PLANARITY,MEASURE METAL THICKNESS,MEASURE POLY THICKNESS,ANNEAL POLYSILICON
valid_0222,MEASURE PASSIVATION QUALITY,MEASURE PASSIVATION THICKNESS,BACKSIDE CLEAN FINAL,BACKSIDE CLEAN,CLEAN AFTER METAL ETCH
valid_0223,MEASURE PLANARITY,MEASURE SURFACE PLANARITY,MEASURE METAL THICKNESS,MEASURE POLY THICKNESS,ANNEAL POLYSILICON
valid_0224,CURE PASSIVATION,RCA CLEAN 2,WET CLEAN RCA2,FINAL LOT RELEASE,DENSIFY DIELECTRIC
valid_0225,SPIN COAT PHOTORESIST,CLEAN AFTER WINDOW ETCH,ALIGN MASK LEVEL 2,IMPLANT N BUFFER,DEPOSIT BACKSIDE METAL
valid_0226,CURE PASSIVATION,RCA CLEAN 2,WET CLEAN RCA2,FINAL LOT RELEASE,DENSIFY DIELECTRIC
valid_0227,MEASURE FILM THICKNESS,MEASURE DIELECTRIC THICKNESS,MEASURE OXIDE THICKNESS,ANNEAL POLYSILICON,MEASURE POLY THICKNESS
valid_0228,DEPOSIT PASSIVATION LAYER,DEPOSIT PASSIVATION,DEPOSIT FIELD OXIDE,SOFT BAKE,WAFER CLEAN PRE-GRIND
valid_0229,SPIN COAT PHOTORESIST,CLEAN AFTER WINDOW ETCH,ALIGN MASK LEVEL 2,IMPLANT N BUFFER,DEPOSIT BACKSIDE METAL
valid_0230,CURE PASSIVATION,RCA CLEAN 2,WET CLEAN RCA2,FINAL LOT RELEASE,DENSIFY DIELECTRIC
valid_0231,DENSIFY OXIDE,DENSIFY DIELECTRIC,ANNEAL OXIDE,DEPOSIT BACKSIDE METAL,DEPOSIT BACKSIDE PROTECTION
valid_0232,MEASURE LINE WIDTH,DEPOSIT PASSIVATION,DEPOSIT PASSIVATION LAYER,ALIGN MASK LEVEL 3,CLEAN AFTER METAL ETCH
valid_0233,SOFT BAKE,FINAL PARTICLE INSPECTION,FINAL ELECTRICAL TEST PREP,MEASURE INITIAL GEOMETRY,DEPOSIT PASSIVATION LAYER
valid_0234,CURE PASSIVATION,RCA CLEAN 2,WET CLEAN RCA2,FINAL LOT RELEASE,DENSIFY DIELECTRIC
valid_0235,CMP DIELECTRIC,CMP INTERLAYER DIELECTRIC,FINAL ELECTRICAL TEST PREP,POLYSILICON ANNEAL,GRINDING WAFER BACKSIDE
valid_0236,MEASURE LINE WIDTH,DEPOSIT PASSIVATION,DEPOSIT PASSIVATION LAYER,ALIGN MASK LEVEL 3,CLEAN AFTER METAL ETCH
valid_0237,SPIN COAT PHOTORESIST,CLEAN AFTER WINDOW ETCH,ALIGN MASK LEVEL 2,IMPLANT N BUFFER,DEPOSIT BACKSIDE METAL
valid_0238,CURE PASSIVATION,RCA CLEAN 2,WET CLEAN RCA2,FINAL LOT RELEASE,DENSIFY DIELECTRIC
valid_0239,MEASURE PLANARITY,MEASURE SURFACE PLANARITY,MEASURE METAL THICKNESS,MEASURE POLY THICKNESS,ANNEAL POLYSILICON
valid_0240,CURE PASSIVATION,RCA CLEAN 2,WET CLEAN RCA2,FINAL LOT RELEASE,DENSIFY DIELECTRIC
valid_0241,MEASURE FILM THICKNESS,MEASURE DIELECTRIC THICKNESS,MEASURE OXIDE THICKNESS,ANNEAL POLYSILICON,MEASURE POLY THICKNESS
valid_0242,CURE PASSIVATION,RCA CLEAN 2,WET CLEAN RCA2,FINAL LOT RELEASE,DENSIFY DIELECTRIC
valid_0243,CMP DIELECTRIC,CMP INTERLAYER DIELECTRIC,FINAL ELECTRICAL TEST PREP,POLYSILICON ANNEAL,GRINDING WAFER BACKSIDE
valid_0244,MEASURE LINE WIDTH,DEPOSIT PASSIVATION,DEPOSIT PASSIVATION LAYER,ALIGN MASK LEVEL 3,CLEAN AFTER METAL ETCH
valid_0245,SPIN COAT PHOTORESIST,CLEAN AFTER WINDOW ETCH,ALIGN MASK LEVEL 2,IMPLANT N BUFFER,DEPOSIT BACKSIDE METAL
valid_0246,MEASURE PASSIVATION QUALITY,MEASURE PASSIVATION THICKNESS,BACKSIDE CLEAN FINAL,BACKSIDE CLEAN,CLEAN AFTER METAL ETCH
valid_0247,SPIN COAT PHOTORESIST,CLEAN AFTER WINDOW ETCH,ALIGN MASK LEVEL 2,IMPLANT N BUFFER,DEPOSIT BACKSIDE METAL
valid_0248,CURE PASSIVATION,RCA CLEAN 2,WET CLEAN RCA2,FINAL LOT RELEASE,DENSIFY DIELECTRIC
valid_0249,SOFT BAKE,FINAL PARTICLE INSPECTION,FINAL ELECTRICAL TEST PREP,MEASURE INITIAL GEOMETRY,DEPOSIT PASSIVATION LAYER
valid_0250,CURE PASSIVATION,RCA CLEAN 2,WET CLEAN RCA2,FINAL LOT RELEASE,DENSIFY DIELECTRIC
valid_0251,MEASURE PLANARITY,MEASURE SURFACE PLANARITY,MEASURE METAL THICKNESS,MEASURE POLY THICKNESS,ANNEAL POLYSILICON
valid_0252,MEASURE PASSIVATION QUALITY,MEASURE PASSIVATION THICKNESS,BACKSIDE CLEAN FINAL,BACKSIDE CLEAN,CLEAN AFTER METAL ETCH
valid_0253,SPIN COAT PHOTORESIST,CLEAN AFTER WINDOW ETCH,ALIGN MASK LEVEL 2,IMPLANT N BUFFER,DEPOSIT BACKSIDE METAL
valid_0254,MEASURE PASSIVATION QUALITY,MEASURE PASSIVATION THICKNESS,BACKSIDE CLEAN FINAL,BACKSIDE CLEAN,CLEAN AFTER METAL ETCH
valid_0255,MEASURE PLANARITY,MEASURE SURFACE PLANARITY,MEASURE METAL THICKNESS,MEASURE POLY THICKNESS,ANNEAL POLYSILICON
valid_0256,MEASURE PASSIVATION QUALITY,MEASURE PASSIVATION THICKNESS,BACKSIDE CLEAN FINAL,BACKSIDE CLEAN,CLEAN AFTER METAL ETCH
valid_0257,SPIN COAT PHOTORESIST,CLEAN AFTER WINDOW ETCH,ALIGN MASK LEVEL 2,IMPLANT N BUFFER,DEPOSIT BACKSIDE METAL
valid_0258,CURE PASSIVATION,RCA CLEAN 2,WET CLEAN RCA2,FINAL LOT RELEASE,DENSIFY DIELECTRIC
valid_0259,MEASURE PLANARITY,MEASURE SURFACE PLANARITY,MEASURE METAL THICKNESS,MEASURE POLY THICKNESS,ANNEAL POLYSILICON
valid_0260,CURE PASSIVATION,RCA CLEAN 2,WET CLEAN RCA2,FINAL LOT RELEASE,DENSIFY DIELECTRIC
valid_0261,MEASURE PLANARITY,MEASURE SURFACE PLANARITY,MEASURE METAL THICKNESS,MEASURE POLY THICKNESS,ANNEAL POLYSILICON
valid_0262,CURE PASSIVATION,RCA CLEAN 2,WET CLEAN RCA2,FINAL LOT RELEASE,DENSIFY DIELECTRIC
valid_0263,CMP DIELECTRIC,CMP INTERLAYER DIELECTRIC,FINAL ELECTRICAL TEST PREP,POLYSILICON ANNEAL,GRINDING WAFER BACKSIDE
valid_0264,CURE PASSIVATION,RCA CLEAN 2,WET CLEAN RCA2,FINAL LOT RELEASE,DENSIFY DIELECTRIC
valid_0265,MEASURE FILM THICKNESS,MEASURE DIELECTRIC THICKNESS,MEASURE OXIDE THICKNESS,ANNEAL POLYSILICON,MEASURE POLY THICKNESS
valid_0266,CURE PASSIVATION,RCA CLEAN 2,WET CLEAN RCA2,FINAL LOT RELEASE,DENSIFY DIELECTRIC
valid_0267,SOFT BAKE,FINAL PARTICLE INSPECTION,FINAL ELECTRICAL TEST PREP,MEASURE INITIAL GEOMETRY,DEPOSIT PASSIVATION LAYER
valid_0268,CURE PASSIVATION,RCA CLEAN 2,WET CLEAN RCA2,FINAL LOT RELEASE,DENSIFY DIELECTRIC
valid_0269,SPIN COAT PHOTORESIST,CLEAN AFTER WINDOW ETCH,ALIGN MASK LEVEL 2,IMPLANT N BUFFER,DEPOSIT BACKSIDE METAL
valid_0270,MEASURE PASSIVATION QUALITY,MEASURE PASSIVATION THICKNESS,BACKSIDE CLEAN FINAL,BACKSIDE CLEAN,CLEAN AFTER METAL ETCH
valid_0271,MEASURE PLANARITY,MEASURE SURFACE PLANARITY,MEASURE METAL THICKNESS,MEASURE POLY THICKNESS,ANNEAL POLYSILICON
valid_0272,CURE PASSIVATION,RCA CLEAN 2,WET CLEAN RCA2,FINAL LOT RELEASE,DENSIFY DIELECTRIC
valid_0273,MEASURE FILM THICKNESS,MEASURE DIELECTRIC THICKNESS,MEASURE OXIDE THICKNESS,ANNEAL POLYSILICON,MEASURE POLY THICKNESS
valid_0274,DEPOSIT PASSIVATION LAYER,DEPOSIT PASSIVATION,DEPOSIT FIELD OXIDE,SOFT BAKE,WAFER CLEAN PRE-GRIND
valid_0275,SPIN COAT PHOTORESIST,CLEAN AFTER WINDOW ETCH,ALIGN MASK LEVEL 2,IMPLANT N BUFFER,DEPOSIT BACKSIDE METAL
valid_0276,CURE PASSIVATION,RCA CLEAN 2,WET CLEAN RCA2,FINAL LOT RELEASE,DENSIFY DIELECTRIC
valid_0277,SPIN COAT PHOTORESIST,CLEAN AFTER WINDOW ETCH,ALIGN MASK LEVEL 2,IMPLANT N BUFFER,DEPOSIT BACKSIDE METAL
valid_0278,MEASURE PASSIVATION QUALITY,MEASURE PASSIVATION THICKNESS,BACKSIDE CLEAN FINAL,BACKSIDE CLEAN,CLEAN AFTER METAL ETCH
valid_0279,SPIN COAT PHOTORESIST,CLEAN AFTER WINDOW ETCH,ALIGN MASK LEVEL 2,IMPLANT N BUFFER,DEPOSIT BACKSIDE METAL
valid_0280,CURE PASSIVATION,RCA CLEAN 2,WET CLEAN RCA2,FINAL LOT RELEASE,DENSIFY DIELECTRIC
valid_0281,DENSIFY OXIDE,DENSIFY DIELECTRIC,ANNEAL OXIDE,DEPOSIT BACKSIDE METAL,DEPOSIT BACKSIDE PROTECTION
valid_0282,CLEAN AFTER METAL ETCH,CLEAN AFTER FIELD ETCH,MEASURE PLANARITY,POLYSILICON ANNEAL,SHIP LOT
valid_0283,MEASURE PLANARITY,MEASURE SURFACE PLANARITY,MEASURE METAL THICKNESS,MEASURE POLY THICKNESS,ANNEAL POLYSILICON
valid_0284,CURE PASSIVATION,RCA CLEAN 2,WET CLEAN RCA2,FINAL LOT RELEASE,DENSIFY DIELECTRIC
valid_0285,MEASURE FILM THICKNESS,MEASURE DIELECTRIC THICKNESS,MEASURE OXIDE THICKNESS,ANNEAL POLYSILICON,MEASURE POLY THICKNESS
valid_0286,DEPOSIT PASSIVATION LAYER,DEPOSIT PASSIVATION,DEPOSIT FIELD OXIDE,SOFT BAKE,WAFER CLEAN PRE-GRIND
valid_0287,EXPOSE LITHO LEVEL 5,EXPOSE LITHO LEVEL 4,EXPOSE LITHO LEVEL 6,EXPOSE LITHO LEVEL 3,EXPOSE LITHO LEVEL 2
valid_0288,MEASURE PASSIVATION QUALITY,MEASURE PASSIVATION THICKNESS,BACKSIDE CLEAN FINAL,CLEAN AFTER METAL ETCH,BACKSIDE CLEAN
valid_0289,SPIN COAT PHOTORESIST,CLEAN AFTER WINDOW ETCH,ALIGN MASK LEVEL 2,IMPLANT N BUFFER,DEPOSIT BACKSIDE METAL
valid_0290,DEPOSIT PASSIVATION LAYER,DEPOSIT PASSIVATION,DEPOSIT FIELD OXIDE,SOFT BAKE,WAFER CLEAN PRE-GRIND
valid_0291,SPIN COAT PHOTORESIST,CLEAN AFTER WINDOW ETCH,ALIGN MASK LEVEL 2,IMPLANT N BUFFER,DEPOSIT BACKSIDE METAL
valid_0292,CURE PASSIVATION,RCA CLEAN 2,WET CLEAN RCA2,FINAL LOT RELEASE,DENSIFY DIELECTRIC
valid_0293,SPIN COAT PHOTORESIST,CLEAN AFTER WINDOW ETCH,ALIGN MASK LEVEL 2,IMPLANT N BUFFER,DEPOSIT BACKSIDE METAL
valid_0294,DEPOSIT PASSIVATION LAYER,DEPOSIT PASSIVATION,DEPOSIT FIELD OXIDE,SOFT BAKE,WAFER CLEAN PRE-GRIND
valid_0295,MEASURE PLANARITY,MEASURE SURFACE PLANARITY,MEASURE METAL THICKNESS,MEASURE POLY THICKNESS,ANNEAL POLYSILICON
valid_0296,CURE PASSIVATION,RCA CLEAN 2,WET CLEAN RCA2,FINAL LOT RELEASE,DENSIFY DIELECTRIC
valid_0297,MEASURE FILM THICKNESS,MEASURE DIELECTRIC THICKNESS,MEASURE OXIDE THICKNESS,ANNEAL POLYSILICON,MEASURE POLY THICKNESS
valid_0298,MEASURE LINE WIDTH,DEPOSIT PASSIVATION,DEPOSIT PASSIVATION LAYER,ALIGN MASK LEVEL 3,CLEAN AFTER METAL ETCH
valid_0299,MEASURE PLANARITY,MEASURE SURFACE PLANARITY,MEASURE METAL THICKNESS,MEASURE POLY THICKNESS,ANNEAL POLYSILICON
valid_0300,CURE PASSIVATION,RCA CLEAN 2,WET CLEAN RCA2,FINAL LOT RELEASE,DENSIFY DIELECTRIC
valid_0301,MEASURE PLANARITY,MEASURE SURFACE PLANARITY,MEASURE METAL THICKNESS,MEASURE POLY THICKNESS,ANNEAL POLYSILICON
valid_0302,CURE PASSIVATION,RCA CLEAN 2,WET CLEAN RCA2,FINAL LOT RELEASE,DENSIFY DIELECTRIC
valid_0303,MEASURE FILM THICKNESS,MEASURE DIELECTRIC THICKNESS,MEASURE OXIDE THICKNESS,ANNEAL POLYSILICON,MEASURE POLY THICKNESS
valid_0304,MEASURE LINE WIDTH,DEPOSIT PASSIVATION,DEPOSIT PASSIVATION LAYER,ALIGN MASK LEVEL 3,CLEAN AFTER METAL ETCH
valid_0305,SPIN COAT PHOTORESIST,CLEAN AFTER WINDOW ETCH,ALIGN MASK LEVEL 2,IMPLANT N BUFFER,DEPOSIT BACKSIDE METAL
valid_0306,MEASURE PASSIVATION QUALITY,MEASURE PASSIVATION THICKNESS,BACKSIDE CLEAN FINAL,BACKSIDE CLEAN,CLEAN AFTER METAL ETCH
valid_0307,MEASURE PLANARITY,MEASURE SURFACE PLANARITY,MEASURE METAL THICKNESS,MEASURE POLY THICKNESS,ANNEAL POLYSILICON
valid_0308,CURE PASSIVATION,RCA CLEAN 2,WET CLEAN RCA2,FINAL LOT RELEASE,DENSIFY DIELECTRIC
valid_0309,SPIN COAT PHOTORESIST,CLEAN AFTER WINDOW ETCH,ALIGN MASK LEVEL 2,IMPLANT N BUFFER,DEPOSIT BACKSIDE METAL
valid_0310,CURE PASSIVATION,RCA CLEAN 2,WET CLEAN RCA2,FINAL LOT RELEASE,DENSIFY DIELECTRIC
valid_0311,MEASURE PLANARITY,MEASURE SURFACE PLANARITY,MEASURE METAL THICKNESS,MEASURE POLY THICKNESS,ANNEAL POLYSILICON
valid_0312,CURE PASSIVATION,RCA CLEAN 2,WET CLEAN RCA2,FINAL LOT RELEASE,DENSIFY DIELECTRIC
valid_0313,CMP DIELECTRIC,CMP INTERLAYER DIELECTRIC,FINAL ELECTRICAL TEST PREP,POLYSILICON ANNEAL,GRINDING WAFER BACKSIDE
valid_0314,DEPOSIT PASSIVATION LAYER,DEPOSIT PASSIVATION,DEPOSIT FIELD OXIDE,SOFT BAKE,WAFER CLEAN PRE-GRIND
valid_0315,SPIN COAT PHOTORESIST,CLEAN AFTER WINDOW ETCH,ALIGN MASK LEVEL 2,IMPLANT N BUFFER,DEPOSIT BACKSIDE METAL
valid_0316,MEASURE LINE WIDTH,DEPOSIT PASSIVATION,DEPOSIT PASSIVATION LAYER,ALIGN MASK LEVEL 3,CLEAN AFTER METAL ETCH
valid_0317,MEASURE FILM THICKNESS,MEASURE DIELECTRIC THICKNESS,MEASURE OXIDE THICKNESS,ANNEAL POLYSILICON,MEASURE POLY THICKNESS
valid_0318,MEASURE PASSIVATION QUALITY,MEASURE PASSIVATION THICKNESS,BACKSIDE CLEAN FINAL,BACKSIDE CLEAN,CLEAN AFTER METAL ETCH
valid_0319,MEASURE PLANARITY,MEASURE SURFACE PLANARITY,MEASURE METAL THICKNESS,MEASURE POLY THICKNESS,ANNEAL POLYSILICON
valid_0320,CURE PASSIVATION,RCA CLEAN 2,WET CLEAN RCA2,FINAL LOT RELEASE,DENSIFY DIELECTRIC
valid_0321,SPIN COAT PHOTORESIST,CLEAN AFTER WINDOW ETCH,ALIGN MASK LEVEL 2,IMPLANT N BUFFER,DEPOSIT BACKSIDE METAL
valid_0322,CURE PASSIVATION,RCA CLEAN 2,WET CLEAN RCA2,FINAL LOT RELEASE,DENSIFY DIELECTRIC
valid_0323,SOFT BAKE,FINAL PARTICLE INSPECTION,FINAL ELECTRICAL TEST PREP,MEASURE INITIAL GEOMETRY,DEPOSIT PASSIVATION LAYER
valid_0324,OPEN BOND PAD WINDOW,OPEN PAD WINDOW,ALIGN MASK LEVEL 1,MEASURE DEVICE PARAMETER,MEASURE SHEET RESISTANCE
valid_0325,CMP DIELECTRIC,CMP INTERLAYER DIELECTRIC,FINAL ELECTRICAL TEST PREP,POLYSILICON ANNEAL,GRINDING WAFER BACKSIDE
valid_0326,DEPOSIT PASSIVATION LAYER,DEPOSIT PASSIVATION,DEPOSIT FIELD OXIDE,SOFT BAKE,WAFER CLEAN PRE-GRIND
valid_0327,SPIN COAT PHOTORESIST,CLEAN AFTER WINDOW ETCH,ALIGN MASK LEVEL 2,IMPLANT N BUFFER,DEPOSIT BACKSIDE METAL
valid_0328,CURE PASSIVATION,RCA CLEAN 2,WET CLEAN RCA2,FINAL LOT RELEASE,DENSIFY DIELECTRIC
valid_0329,MEASURE PLANARITY,MEASURE SURFACE PLANARITY,MEASURE METAL THICKNESS,MEASURE POLY THICKNESS,ANNEAL POLYSILICON
valid_0330,MEASURE PASSIVATION QUALITY,MEASURE PASSIVATION THICKNESS,BACKSIDE CLEAN FINAL,BACKSIDE CLEAN,CLEAN AFTER METAL ETCH
valid_0331,MEASURE PLANARITY,MEASURE SURFACE PLANARITY,MEASURE METAL THICKNESS,MEASURE POLY THICKNESS,ANNEAL POLYSILICON
valid_0332,CURE PASSIVATION,RCA CLEAN 2,WET CLEAN RCA2,FINAL LOT RELEASE,DENSIFY DIELECTRIC
valid_0333,DENSIFY OXIDE,DENSIFY DIELECTRIC,ANNEAL OXIDE,DEPOSIT BACKSIDE METAL,DEPOSIT BACKSIDE PROTECTION
valid_0334,MEASURE LINE WIDTH,DEPOSIT PASSIVATION,DEPOSIT PASSIVATION LAYER,ALIGN MASK LEVEL 3,CLEAN AFTER METAL ETCH
valid_0335,CMP DIELECTRIC,CMP INTERLAYER DIELECTRIC,FINAL ELECTRICAL TEST PREP,POLYSILICON ANNEAL,GRINDING WAFER BACKSIDE
valid_0336,MEASURE PASSIVATION QUALITY,MEASURE PASSIVATION THICKNESS,BACKSIDE CLEAN FINAL,BACKSIDE CLEAN,CLEAN AFTER METAL ETCH
valid_0337,CMP DIELECTRIC,CMP INTERLAYER DIELECTRIC,FINAL ELECTRICAL TEST PREP,POLYSILICON ANNEAL,GRINDING WAFER BACKSIDE
valid_0338,DEPOSIT PASSIVATION LAYER,DEPOSIT PASSIVATION,DEPOSIT FIELD OXIDE,SOFT BAKE,WAFER CLEAN PRE-GRIND
valid_0339,SOFT BAKE,FINAL PARTICLE INSPECTION,FINAL ELECTRICAL TEST PREP,MEASURE INITIAL GEOMETRY,DEPOSIT PASSIVATION LAYER
valid_0340,CURE PASSIVATION,RCA CLEAN 2,WET CLEAN RCA2,FINAL LOT RELEASE,DENSIFY DIELECTRIC
valid_0341,SPIN COAT PHOTORESIST,CLEAN AFTER WINDOW ETCH,ALIGN MASK LEVEL 2,IMPLANT N BUFFER,DEPOSIT BACKSIDE METAL
valid_0342,OPEN BOND PAD WINDOW,OPEN PAD WINDOW,ALIGN MASK LEVEL 1,MEASURE DEVICE PARAMETER,MEASURE SHEET RESISTANCE
valid_0343,SPIN COAT PHOTORESIST,CLEAN AFTER WINDOW ETCH,ALIGN MASK LEVEL 2,IMPLANT N BUFFER,DEPOSIT BACKSIDE METAL
valid_0344,MEASURE PASSIVATION QUALITY,MEASURE PASSIVATION THICKNESS,BACKSIDE CLEAN FINAL,BACKSIDE CLEAN,CLEAN AFTER METAL ETCH
valid_0345,SPIN COAT PHOTORESIST,CLEAN AFTER WINDOW ETCH,ALIGN MASK LEVEL 2,IMPLANT N BUFFER,DEPOSIT BACKSIDE METAL
valid_0346,MEASURE PASSIVATION QUALITY,MEASURE PASSIVATION THICKNESS,BACKSIDE CLEAN FINAL,BACKSIDE CLEAN,CLEAN AFTER METAL ETCH
valid_0347,CMP DIELECTRIC,CMP INTERLAYER DIELECTRIC,FINAL ELECTRICAL TEST PREP,POLYSILICON ANNEAL,GRINDING WAFER BACKSIDE
valid_0348,DEPOSIT PASSIVATION LAYER,DEPOSIT PASSIVATION,DEPOSIT FIELD OXIDE,SOFT BAKE,WAFER CLEAN PRE-GRIND
valid_0349,DEPOSIT INTERLEVEL DIELECTRIC,DEPOSIT INTERLAYER DIELECTRIC,DEPOSIT FIELD OXIDE,YIELD ANALYSIS,WAFER CLEAN PRE-GRIND
valid_0350,CLEAN AFTER METAL ETCH,CLEAN AFTER FIELD ETCH,MEASURE PLANARITY,POLYSILICON ANNEAL,SHIP LOT
valid_0351,CMP DIELECTRIC,CMP INTERLAYER DIELECTRIC,FINAL ELECTRICAL TEST PREP,POLYSILICON ANNEAL,GRINDING WAFER BACKSIDE
valid_0352,DEPOSIT PASSIVATION LAYER,DEPOSIT PASSIVATION,DEPOSIT FIELD OXIDE,SOFT BAKE,WAFER CLEAN PRE-GRIND
valid_0353,ALIGN MASK LEVEL 5,ALIGN MASK LEVEL 2,ALIGN MASK LEVEL 1,ALIGN MASK LEVEL 4,EXPOSE LITHO LEVEL 6
valid_0354,CURE PASSIVATION,RCA CLEAN 2,WET CLEAN RCA2,FINAL LOT RELEASE,DENSIFY DIELECTRIC
valid_0355,SPIN COAT PHOTORESIST,CLEAN AFTER WINDOW ETCH,ALIGN MASK LEVEL 2,IMPLANT N BUFFER,DEPOSIT BACKSIDE METAL
valid_0356,MEASURE LINE WIDTH,DEPOSIT PASSIVATION,DEPOSIT PASSIVATION LAYER,ALIGN MASK LEVEL 3,CLEAN AFTER METAL ETCH
valid_0357,MEASURE PLANARITY,MEASURE SURFACE PLANARITY,MEASURE METAL THICKNESS,MEASURE POLY THICKNESS,ANNEAL POLYSILICON
valid_0358,CURE PASSIVATION,RCA CLEAN 2,WET CLEAN RCA2,FINAL LOT RELEASE,DENSIFY DIELECTRIC
valid_0359,SPIN COAT PHOTORESIST,CLEAN AFTER WINDOW ETCH,ALIGN MASK LEVEL 2,IMPLANT N BUFFER,DEPOSIT BACKSIDE METAL
valid_0360,CURE PASSIVATION,RCA CLEAN 2,WET CLEAN RCA2,FINAL LOT RELEASE,DENSIFY DIELECTRIC
valid_0361,SPIN COAT PHOTORESIST,CLEAN AFTER WINDOW ETCH,ALIGN MASK LEVEL 2,IMPLANT N BUFFER,DEPOSIT BACKSIDE METAL
valid_0362,CURE PASSIVATION,RCA CLEAN 2,WET CLEAN RCA2,FINAL LOT RELEASE,DENSIFY DIELECTRIC
valid_0363,MEASURE FILM THICKNESS,MEASURE DIELECTRIC THICKNESS,MEASURE OXIDE THICKNESS,ANNEAL POLYSILICON,MEASURE POLY THICKNESS
valid_0364,MEASURE LINE WIDTH,DEPOSIT PASSIVATION,DEPOSIT PASSIVATION LAYER,ALIGN MASK LEVEL 3,CLEAN AFTER METAL ETCH
valid_0365,ALIGN MASK LEVEL 5,ALIGN MASK LEVEL 2,ALIGN MASK LEVEL 1,ALIGN MASK LEVEL 4,EXPOSE LITHO LEVEL 6
valid_0366,DEPOSIT PASSIVATION LAYER,DEPOSIT PASSIVATION,DEPOSIT FIELD OXIDE,SOFT BAKE,WAFER CLEAN PRE-GRIND
valid_0367,MEASURE PLANARITY,MEASURE SURFACE PLANARITY,MEASURE METAL THICKNESS,MEASURE POLY THICKNESS,ANNEAL POLYSILICON
valid_0368,MEASURE PASSIVATION QUALITY,MEASURE PASSIVATION THICKNESS,BACKSIDE CLEAN FINAL,BACKSIDE CLEAN,CLEAN AFTER METAL ETCH
valid_0369,SPIN COAT PHOTORESIST,CLEAN AFTER WINDOW ETCH,ALIGN MASK LEVEL 2,IMPLANT N BUFFER,DEPOSIT BACKSIDE METAL
valid_0370,CURE PASSIVATION,RCA CLEAN 2,WET CLEAN RCA2,FINAL LOT RELEASE,DENSIFY DIELECTRIC
valid_0371,CMP DIELECTRIC,CMP INTERLAYER DIELECTRIC,FINAL ELECTRICAL TEST PREP,POLYSILICON ANNEAL,GRINDING WAFER BACKSIDE
valid_0372,DEPOSIT PASSIVATION LAYER,DEPOSIT PASSIVATION,DEPOSIT FIELD OXIDE,SOFT BAKE,WAFER CLEAN PRE-GRIND
valid_0373,SPIN COAT PHOTORESIST,CLEAN AFTER WINDOW ETCH,ALIGN MASK LEVEL 2,IMPLANT N BUFFER,DEPOSIT BACKSIDE METAL
valid_0374,CURE PASSIVATION,RCA CLEAN 2,WET CLEAN RCA2,FINAL LOT RELEASE,DENSIFY DIELECTRIC
valid_0375,MEASURE DEVICE PARAMETER,MEASURE SHEET RESISTANCE,EPITAXIAL REWORK CHECK,RAPID THERMAL ANNEAL,MEASURE SURFACE DEFECTS
valid_0376,CLEAN AFTER METAL ETCH,CLEAN AFTER FIELD ETCH,POLYSILICON ANNEAL,MEASURE PLANARITY,SHIP LOT
valid_0377,CMP DIELECTRIC,CMP INTERLAYER DIELECTRIC,FINAL ELECTRICAL TEST PREP,POLYSILICON ANNEAL,GRINDING WAFER BACKSIDE
valid_0378,CURE PASSIVATION,RCA CLEAN 2,WET CLEAN RCA2,FINAL LOT RELEASE,DENSIFY DIELECTRIC
valid_0379,SPIN COAT PHOTORESIST,CLEAN AFTER WINDOW ETCH,ALIGN MASK LEVEL 2,IMPLANT N BUFFER,DEPOSIT BACKSIDE METAL
valid_0380,MEASURE PASSIVATION QUALITY,MEASURE PASSIVATION THICKNESS,BACKSIDE CLEAN FINAL,BACKSIDE CLEAN,CLEAN AFTER METAL ETCH
valid_0381,MEASURE FILM THICKNESS,MEASURE DIELECTRIC THICKNESS,MEASURE OXIDE THICKNESS,ANNEAL POLYSILICON,MEASURE POLY THICKNESS
valid_0382,MEASURE LINE WIDTH,DEPOSIT PASSIVATION,DEPOSIT PASSIVATION LAYER,ALIGN MASK LEVEL 3,CLEAN AFTER METAL ETCH
valid_0383,SOFT BAKE,FINAL PARTICLE INSPECTION,FINAL ELECTRICAL TEST PREP,MEASURE INITIAL GEOMETRY,DEPOSIT PASSIVATION LAYER
valid_0384,MEASURE PASSIVATION QUALITY,MEASURE PASSIVATION THICKNESS,BACKSIDE CLEAN FINAL,BACKSIDE CLEAN,CLEAN AFTER METAL ETCH
valid_0385,MEASURE PLANARITY,MEASURE SURFACE PLANARITY,MEASURE METAL THICKNESS,MEASURE POLY THICKNESS,ANNEAL POLYSILICON
valid_0386,CURE PASSIVATION,RCA CLEAN 2,WET CLEAN RCA2,FINAL LOT RELEASE,DENSIFY DIELECTRIC
valid_0387,ALIGN MASK LEVEL 5,ALIGN MASK LEVEL 2,ALIGN MASK LEVEL 1,ALIGN MASK LEVEL 4,EXPOSE LITHO LEVEL 6
valid_0388,CURE PASSIVATION,RCA CLEAN 2,WET CLEAN RCA2,FINAL LOT RELEASE,DENSIFY DIELECTRIC
valid_0389,MEASURE PLANARITY,MEASURE SURFACE PLANARITY,MEASURE METAL THICKNESS,MEASURE POLY THICKNESS,ANNEAL POLYSILICON
valid_0390,CURE PASSIVATION,RCA CLEAN 2,WET CLEAN RCA2,FINAL LOT RELEASE,DENSIFY DIELECTRIC
valid_0391,SPIN COAT PHOTORESIST,CLEAN AFTER WINDOW ETCH,ALIGN MASK LEVEL 2,IMPLANT N BUFFER,DEPOSIT BACKSIDE METAL
valid_0392,DEPOSIT PASSIVATION LAYER,DEPOSIT PASSIVATION,DEPOSIT FIELD OXIDE,SOFT BAKE,WAFER CLEAN PRE-GRIND
valid_0393,MEASURE PLANARITY,MEASURE SURFACE PLANARITY,MEASURE METAL THICKNESS,MEASURE POLY THICKNESS,ANNEAL POLYSILICON
valid_0394,CURE PASSIVATION,RCA CLEAN 2,WET CLEAN RCA2,FINAL LOT RELEASE,DENSIFY DIELECTRIC
valid_0395,SPIN COAT PHOTORESIST,CLEAN AFTER WINDOW ETCH,ALIGN MASK LEVEL 2,IMPLANT N BUFFER,DEPOSIT BACKSIDE METAL
valid_0396,MEASURE PASSIVATION QUALITY,MEASURE PASSIVATION THICKNESS,BACKSIDE CLEAN FINAL,BACKSIDE CLEAN,CLEAN AFTER METAL ETCH
valid_0397,CMP DIELECTRIC,CMP INTERLAYER DIELECTRIC,FINAL ELECTRICAL TEST PREP,POLYSILICON ANNEAL,GRINDING WAFER BACKSIDE
valid_0398,CURE PASSIVATION,RCA CLEAN 2,WET CLEAN RCA2,FINAL LOT RELEASE,DENSIFY DIELECTRIC
valid_0399,MEASURE PLANARITY,MEASURE SURFACE PLANARITY,MEASURE METAL THICKNESS,MEASURE POLY THICKNESS,ANNEAL POLYSILICON
valid_0400,DEPOSIT PASSIVATION LAYER,DEPOSIT PASSIVATION,DEPOSIT FIELD OXIDE,SOFT BAKE,WAFER CLEAN PRE-GRIND
valid_0401,DEPOSIT TUNGSTEN SEED,DEPOSIT METAL SEED,MEASURE THICKNESS,MEASURE WAFER THICKNESS,MEASURE CD LEVEL 1
valid_0402,PASSIVATION ETCH PAD OPENING,PASSIVATION ETCH,METAL ETCH DRY,DIELECTRIC ETCH VIA,VIA ETCH THROUGH DIELECTRIC
valid_0403,MEASURE VIA CD,RCA CLEAN 1,WET CLEAN RCA1,DEPOSIT BARRIER METAL,CLEAN AFTER POLY ETCH
valid_0404,PASSIVATION ETCH PAD OPENING,PASSIVATION ETCH,METAL ETCH DRY,DIELECTRIC ETCH VIA,VIA ETCH THROUGH DIELECTRIC
valid_0405,MEASURE VIA CD,RCA CLEAN 1,WET CLEAN RCA1,DEPOSIT BARRIER METAL,CLEAN AFTER POLY ETCH
valid_0406,MEASURE PASSIVATION QUALITY,MEASURE PASSIVATION THICKNESS,BACKSIDE CLEAN FINAL,BACKSIDE CLEAN,CLEAN AFTER METAL ETCH
valid_0407,STRIP RESIST,STRIP PHOTORESIST,STRIP RESIST LEVEL 2,MEASURE VIA CD,RINSE WET WAFER_EDGE
valid_0408,MEASURE PASSIVATION QUALITY,MEASURE PASSIVATION THICKNESS,BACKSIDE CLEAN FINAL,BACKSIDE CLEAN,CLEAN AFTER METAL ETCH
valid_0409,STRIP RESIST,STRIP PHOTORESIST,STRIP RESIST LEVEL 2,MEASURE VIA CD,RINSE WET WAFER_EDGE
valid_0410,OPEN BOND PAD WINDOW,OPEN PAD WINDOW,ALIGN MASK LEVEL 1,MEASURE DEVICE PARAMETER,MEASURE SHEET RESISTANCE
valid_0411,CLEAN AFTER VIA ETCH,OXIDE ETCH DRY,ETCH SILICON OR OXIDE WINDOW,WAFER CLEAN PRE-GRIND,PASSIVATION ETCH PAD OPENING
valid_0412,OPEN BOND PAD WINDOW,OPEN PAD WINDOW,ALIGN MASK LEVEL 1,MEASURE DEVICE PARAMETER,MEASURE SHEET RESISTANCE
valid_0413,STRIP RESIST,STRIP PHOTORESIST,STRIP RESIST LEVEL 2,MEASURE VIA CD,RINSE WET WAFER_EDGE
valid_0414,MEASURE PASSIVATION QUALITY,MEASURE PASSIVATION THICKNESS,BACKSIDE CLEAN FINAL,BACKSIDE CLEAN,CLEAN AFTER METAL ETCH
valid_0415,CLEAN AFTER VIA ETCH,OXIDE ETCH DRY,ETCH SILICON OR OXIDE WINDOW,WAFER CLEAN PRE-GRIND,PASSIVATION ETCH PAD OPENING
valid_0416,DEVELOP PHOTORESIST,DEVELOP PAD WINDOW,GRINDING WAFER BACKSIDE,MEASURE OPENING CD,MEASURE GATE CD
valid_0417,CLEAN AFTER VIA ETCH,OXIDE ETCH DRY,ETCH SILICON OR OXIDE WINDOW,WAFER CLEAN PRE-GRIND,PASSIVATION ETCH PAD OPENING
valid_0418,PASSIVATION ETCH PAD OPENING,PASSIVATION ETCH,METAL ETCH DRY,DIELECTRIC ETCH VIA,VIA ETCH THROUGH DIELECTRIC
valid_0419,STRIP RESIST,STRIP PHOTORESIST,STRIP RESIST LEVEL 2,MEASURE VIA CD,RINSE WET WAFER_EDGE
valid_0420,CURE PASSIVATION,RCA CLEAN 2,WET CLEAN RCA2,FINAL LOT RELEASE,DENSIFY DIELECTRIC
valid_0421,DEPOSIT TUNGSTEN SEED,DEPOSIT METAL SEED,MEASURE THICKNESS,MEASURE WAFER THICKNESS,MEASURE CD LEVEL 1
valid_0422,PASSIVATION ETCH PAD OPENING,PASSIVATION ETCH,METAL ETCH DRY,DIELECTRIC ETCH VIA,VIA ETCH THROUGH DIELECTRIC
valid_0423,MEASURE VIA CD,RCA CLEAN 1,WET CLEAN RCA1,DEPOSIT BARRIER METAL,CLEAN AFTER POLY ETCH
valid_0424,OPEN BOND PAD WINDOW,OPEN PAD WINDOW,ALIGN MASK LEVEL 1,MEASURE DEVICE PARAMETER,MEASURE SHEET RESISTANCE
valid_0425,CLEAN AFTER VIA ETCH,OXIDE ETCH DRY,ETCH SILICON OR OXIDE WINDOW,WAFER CLEAN PRE-GRIND,PASSIVATION ETCH PAD OPENING
valid_0426,PAD WINDOW LITHO,OPEN PAD WINDOW LITHO,POST EXPOSE BAKE,EXPOSE LITHO LEVEL 3,EXPOSE LITHO LEVEL 5
valid_0427,CLEAN AFTER VIA ETCH,OXIDE ETCH DRY,ETCH SILICON OR OXIDE WINDOW,WAFER CLEAN PRE-GRIND,PASSIVATION ETCH PAD OPENING
valid_0428,OPEN BOND PAD WINDOW,OPEN PAD WINDOW,ALIGN MASK LEVEL 1,MEASURE DEVICE PARAMETER,MEASURE SHEET RESISTANCE
valid_0429,STRIP RESIST,STRIP PHOTORESIST,STRIP RESIST LEVEL 2,MEASURE VIA CD,RINSE WET WAFER_EDGE
valid_0430,PAD WINDOW LITHO,OPEN PAD WINDOW LITHO,POST EXPOSE BAKE,EXPOSE LITHO LEVEL 3,EXPOSE LITHO LEVEL 5
valid_0431,MEASURE VIA CD,RCA CLEAN 1,WET CLEAN RCA1,DEPOSIT BARRIER METAL,CLEAN AFTER POLY ETCH
valid_0432,PAD WINDOW LITHO,OPEN PAD WINDOW LITHO,POST EXPOSE BAKE,EXPOSE LITHO LEVEL 3,EXPOSE LITHO LEVEL 5
valid_0433,STRIP RESIST,STRIP PHOTORESIST,STRIP RESIST LEVEL 2,MEASURE VIA CD,RINSE WET WAFER_EDGE
valid_0434,DEVELOP PHOTORESIST,DEVELOP PAD WINDOW,GRINDING WAFER BACKSIDE,MEASURE GATE CD,MEASURE OPENING CD
valid_0435,DEPOSIT BARRIER METAL,ANNEAL DIELECTRIC,MEASURE LINE WIDTH,MEASURE EPITAXY THICKNESS,MEASURE PASSIVATION THICKNESS
valid_0436,PAD WINDOW LITHO,OPEN PAD WINDOW LITHO,POST EXPOSE BAKE,EXPOSE LITHO LEVEL 3,EXPOSE LITHO LEVEL 5
valid_0437,CLEAN AFTER VIA ETCH,OXIDE ETCH DRY,ETCH SILICON OR OXIDE WINDOW,WAFER CLEAN PRE-GRIND,PASSIVATION ETCH PAD OPENING
valid_0438,PAD WINDOW LITHO,OPEN PAD WINDOW LITHO,POST EXPOSE BAKE,EXPOSE LITHO LEVEL 3,EXPOSE LITHO LEVEL 5
valid_0439,CLEAN AFTER VIA ETCH,OXIDE ETCH DRY,ETCH SILICON OR OXIDE WINDOW,WAFER CLEAN PRE-GRIND,PASSIVATION ETCH PAD OPENING
valid_0440,PAD WINDOW LITHO,OPEN PAD WINDOW LITHO,POST EXPOSE BAKE,EXPOSE LITHO LEVEL 3,EXPOSE LITHO LEVEL 5
valid_0441,STRIP RESIST,STRIP PHOTORESIST,STRIP RESIST LEVEL 2,MEASURE VIA CD,RINSE WET WAFER_EDGE
valid_0442,OPEN BOND PAD WINDOW,OPEN PAD WINDOW,ALIGN MASK LEVEL 1,MEASURE DEVICE PARAMETER,MEASURE SHEET RESISTANCE
valid_0443,DEPOSIT BARRIER METAL,ANNEAL DIELECTRIC,MEASURE LINE WIDTH,MEASURE EPITAXY THICKNESS,MEASURE PASSIVATION THICKNESS
valid_0444,OPEN BOND PAD WINDOW,OPEN PAD WINDOW,ALIGN MASK LEVEL 1,MEASURE DEVICE PARAMETER,MEASURE SHEET RESISTANCE
valid_0445,CLEAN AFTER VIA ETCH,OXIDE ETCH DRY,ETCH SILICON OR OXIDE WINDOW,WAFER CLEAN PRE-GRIND,PASSIVATION ETCH PAD OPENING
valid_0446,OPEN BOND PAD WINDOW,OPEN PAD WINDOW,ALIGN MASK LEVEL 1,MEASURE DEVICE PARAMETER,MEASURE SHEET RESISTANCE
valid_0447,CLEAN AFTER VIA ETCH,OXIDE ETCH DRY,ETCH SILICON OR OXIDE WINDOW,WAFER CLEAN PRE-GRIND,PASSIVATION ETCH PAD OPENING
valid_0448,DEVELOP PHOTORESIST,DEVELOP PAD WINDOW,GRINDING WAFER BACKSIDE,MEASURE GATE CD,MEASURE OPENING CD
valid_0449,CLEAN AFTER VIA ETCH,OXIDE ETCH DRY,ETCH SILICON OR OXIDE WINDOW,WAFER CLEAN PRE-GRIND,PASSIVATION ETCH PAD OPENING
valid_0450,PAD WINDOW LITHO,OPEN PAD WINDOW LITHO,POST EXPOSE BAKE,EXPOSE LITHO LEVEL 3,EXPOSE LITHO LEVEL 5
valid_0451,MEASURE VIA CD,RCA CLEAN 1,WET CLEAN RCA1,DEPOSIT BARRIER METAL,CLEAN AFTER POLY ETCH
valid_0452,DEVELOP PHOTORESIST,DEVELOP PAD WINDOW,GRINDING WAFER BACKSIDE,MEASURE GATE CD,MEASURE OPENING CD
valid_0453,MEASURE VIA CD,RCA CLEAN 1,WET CLEAN RCA1,DEPOSIT BARRIER METAL,CLEAN AFTER POLY ETCH
valid_0454,PAD WINDOW LITHO,OPEN PAD WINDOW LITHO,POST EXPOSE BAKE,EXPOSE LITHO LEVEL 3,EXPOSE LITHO LEVEL 5
valid_0455,DEPOSIT BARRIER METAL,ANNEAL DIELECTRIC,MEASURE LINE WIDTH,MEASURE EPITAXY THICKNESS,MEASURE PASSIVATION THICKNESS
valid_0456,DEVELOP PHOTORESIST,DEVELOP PAD WINDOW,GRINDING WAFER BACKSIDE,MEASURE GATE CD,MEASURE OPENING CD
valid_0457,STRIP RESIST,STRIP PHOTORESIST,STRIP RESIST LEVEL 2,MEASURE VIA CD,RINSE WET WAFER_EDGE
valid_0458,MEASURE PASSIVATION QUALITY,MEASURE PASSIVATION THICKNESS,BACKSIDE CLEAN FINAL,BACKSIDE CLEAN,CLEAN AFTER METAL ETCH
valid_0459,VIA ETCH,VIA ETCH THROUGH DIELECTRIC,DIELECTRIC ETCH VIA,METAL ETCH DRY,OXIDE ETCH DRY
valid_0460,MEASURE PASSIVATION QUALITY,MEASURE PASSIVATION THICKNESS,BACKSIDE CLEAN FINAL,CLEAN AFTER METAL ETCH,BACKSIDE CLEAN
valid_0461,MEASURE VIA CD,RCA CLEAN 1,WET CLEAN RCA1,DEPOSIT BARRIER METAL,CLEAN AFTER POLY ETCH
valid_0462,PAD WINDOW LITHO,OPEN PAD WINDOW LITHO,POST EXPOSE BAKE,EXPOSE LITHO LEVEL 3,EXPOSE LITHO LEVEL 5
valid_0463,MEASURE VIA CD,RCA CLEAN 1,WET CLEAN RCA1,DEPOSIT BARRIER METAL,CLEAN AFTER POLY ETCH
valid_0464,PAD WINDOW LITHO,OPEN PAD WINDOW LITHO,POST EXPOSE BAKE,EXPOSE LITHO LEVEL 3,EXPOSE LITHO LEVEL 5
valid_0465,VIA ETCH,VIA ETCH THROUGH DIELECTRIC,DIELECTRIC ETCH VIA,METAL ETCH DRY,OXIDE ETCH DRY
valid_0466,CURE PASSIVATION,RCA CLEAN 2,WET CLEAN RCA2,FINAL LOT RELEASE,DENSIFY DIELECTRIC
valid_0467,CLEAN AFTER VIA ETCH,OXIDE ETCH DRY,ETCH SILICON OR OXIDE WINDOW,WAFER CLEAN PRE-GRIND,PASSIVATION ETCH PAD OPENING
valid_0468,OPEN BOND PAD WINDOW,OPEN PAD WINDOW,ALIGN MASK LEVEL 1,MEASURE DEVICE PARAMETER,MEASURE SHEET RESISTANCE
valid_0469,CLEAN AFTER VIA ETCH,OXIDE ETCH DRY,ETCH SILICON OR OXIDE WINDOW,WAFER CLEAN PRE-GRIND,PASSIVATION ETCH PAD OPENING
valid_0470,OPEN BOND PAD WINDOW,OPEN PAD WINDOW,ALIGN MASK LEVEL 1,MEASURE DEVICE PARAMETER,MEASURE SHEET RESISTANCE
valid_0471,DEPOSIT BARRIER METAL,ANNEAL DIELECTRIC,MEASURE LINE WIDTH,MEASURE EPITAXY THICKNESS,MEASURE PASSIVATION THICKNESS
valid_0472,PASSIVATION ETCH PAD OPENING,PASSIVATION ETCH,METAL ETCH DRY,DIELECTRIC ETCH VIA,VIA ETCH THROUGH DIELECTRIC
valid_0473,STRIP RESIST,STRIP PHOTORESIST,STRIP RESIST LEVEL 2,MEASURE VIA CD,RINSE WET WAFER_EDGE
valid_0474,MEASURE PASSIVATION QUALITY,MEASURE PASSIVATION THICKNESS,BACKSIDE CLEAN FINAL,BACKSIDE CLEAN,CLEAN AFTER METAL ETCH
valid_0475,VIA ETCH THROUGH DIELECTRIC,DIELECTRIC ETCH VIA,VIA ETCH,METAL ETCH DRY,PASSIVATION ETCH
valid_0476,MEASURE PASSIVATION QUALITY,MEASURE PASSIVATION THICKNESS,BACKSIDE CLEAN FINAL,BACKSIDE CLEAN,CLEAN AFTER METAL ETCH
valid_0477,CLEAN AFTER VIA ETCH,OXIDE ETCH DRY,ETCH SILICON OR OXIDE WINDOW,WAFER CLEAN PRE-GRIND,PASSIVATION ETCH PAD OPENING
valid_0478,OPEN BOND PAD WINDOW,OPEN PAD WINDOW,ALIGN MASK LEVEL 1,MEASURE DEVICE PARAMETER,MEASURE SHEET RESISTANCE
valid_0479,CLEAN AFTER VIA ETCH,OXIDE ETCH DRY,ETCH SILICON OR OXIDE WINDOW,WAFER CLEAN PRE-GRIND,PASSIVATION ETCH PAD OPENING
valid_0480,PAD WINDOW LITHO,OPEN PAD WINDOW LITHO,POST EXPOSE BAKE,EXPOSE LITHO LEVEL 3,EXPOSE LITHO LEVEL 5
valid_0481,MEASURE VIA CD,RCA CLEAN 1,WET CLEAN RCA1,DEPOSIT BARRIER METAL,CLEAN AFTER POLY ETCH
valid_0482,OPEN BOND PAD WINDOW,OPEN PAD WINDOW,ALIGN MASK LEVEL 1,MEASURE DEVICE PARAMETER,MEASURE SHEET RESISTANCE
valid_0483,DEPOSIT TUNGSTEN SEED,DEPOSIT METAL SEED,MEASURE THICKNESS,MEASURE WAFER THICKNESS,MEASURE CD LEVEL 1
valid_0484,DEVELOP PHOTORESIST,DEVELOP PAD WINDOW,GRINDING WAFER BACKSIDE,MEASURE OPENING CD,MEASURE GATE CD
valid_0485,DEPOSIT BARRIER METAL,ANNEAL DIELECTRIC,MEASURE LINE WIDTH,MEASURE EPITAXY THICKNESS,MEASURE PASSIVATION THICKNESS
valid_0486,DEVELOP PHOTORESIST,DEVELOP PAD WINDOW,GRINDING WAFER BACKSIDE,MEASURE GATE CD,MEASURE OPENING CD
valid_0487,CLEAN AFTER VIA ETCH,OXIDE ETCH DRY,ETCH SILICON OR OXIDE WINDOW,WAFER CLEAN PRE-GRIND,PASSIVATION ETCH PAD OPENING
valid_0488,MEASURE PASSIVATION QUALITY,MEASURE PASSIVATION THICKNESS,BACKSIDE CLEAN FINAL,BACKSIDE CLEAN,CLEAN AFTER METAL ETCH
valid_0489,CLEAN AFTER VIA ETCH,OXIDE ETCH DRY,ETCH SILICON OR OXIDE WINDOW,WAFER CLEAN PRE-GRIND,PASSIVATION ETCH PAD OPENING
valid_0490,OPEN BOND PAD WINDOW,OPEN PAD WINDOW,ALIGN MASK LEVEL 1,MEASURE DEVICE PARAMETER,MEASURE SHEET RESISTANCE
valid_0491,STRIP RESIST,STRIP PHOTORESIST,STRIP RESIST LEVEL 2,MEASURE VIA CD,RINSE WET WAFER_EDGE
valid_0492,PAD WINDOW LITHO,OPEN PAD WINDOW LITHO,POST EXPOSE BAKE,EXPOSE LITHO LEVEL 3,EXPOSE LITHO LEVEL 5
valid_0493,MEASURE VIA CD,RCA CLEAN 1,WET CLEAN RCA1,DEPOSIT BARRIER METAL,CLEAN AFTER POLY ETCH
valid_0494,PAD WINDOW LITHO,OPEN PAD WINDOW LITHO,POST EXPOSE BAKE,EXPOSE LITHO LEVEL 3,EXPOSE LITHO LEVEL 5
valid_0495,CLEAN AFTER VIA ETCH,OXIDE ETCH DRY,ETCH SILICON OR OXIDE WINDOW,WAFER CLEAN PRE-GRIND,PASSIVATION ETCH PAD OPENING
valid_0496,MEASURE PASSIVATION QUALITY,MEASURE PASSIVATION THICKNESS,BACKSIDE CLEAN FINAL,BACKSIDE CLEAN,CLEAN AFTER METAL ETCH
valid_0497,MEASURE VIA CD,RCA CLEAN 1,WET CLEAN RCA1,DEPOSIT BARRIER METAL,CLEAN AFTER POLY ETCH
valid_0498,DEVELOP PHOTORESIST,DEVELOP PAD WINDOW,GRINDING WAFER BACKSIDE,MEASURE GATE CD,MEASURE OPENING CD
valid_0499,CLEAN AFTER VIA ETCH,OXIDE ETCH DRY,ETCH SILICON OR OXIDE WINDOW,WAFER CLEAN PRE-GRIND,PASSIVATION ETCH PAD OPENING
valid_0500,PAD WINDOW LITHO,OPEN PAD WINDOW LITHO,POST EXPOSE BAKE,EXPOSE LITHO LEVEL 3,EXPOSE LITHO LEVEL 5
valid_0501,CLEAN AFTER VIA ETCH,OXIDE ETCH DRY,ETCH SILICON OR OXIDE WINDOW,WAFER CLEAN PRE-GRIND,PASSIVATION ETCH PAD OPENING
valid_0502,PAD WINDOW LITHO,OPEN PAD WINDOW LITHO,POST EXPOSE BAKE,EXPOSE LITHO LEVEL 3,EXPOSE LITHO LEVEL 5
valid_0503,DEPOSIT BARRIER METAL,ANNEAL DIELECTRIC,MEASURE LINE WIDTH,MEASURE EPITAXY THICKNESS,MEASURE PASSIVATION THICKNESS
valid_0504,PASSIVATION ETCH PAD OPENING,PASSIVATION ETCH,METAL ETCH DRY,DIELECTRIC ETCH VIA,VIA ETCH THROUGH DIELECTRIC
valid_0505,STRIP RESIST,STRIP PHOTORESIST,STRIP RESIST LEVEL 2,MEASURE VIA CD,RINSE WET WAFER_EDGE
valid_0506,CURE PASSIVATION,RCA CLEAN 2,WET CLEAN RCA2,FINAL LOT RELEASE,PAD WINDOW LITHO
valid_0507,STRIP RESIST,STRIP PHOTORESIST,STRIP RESIST LEVEL 2,MEASURE VIA CD,RINSE WET WAFER_EDGE
valid_0508,DEVELOP PHOTORESIST,DEVELOP PAD WINDOW,GRINDING WAFER BACKSIDE,MEASURE OPENING CD,MEASURE GATE CD
valid_0509,CLEAN AFTER VIA ETCH,OXIDE ETCH DRY,ETCH SILICON OR OXIDE WINDOW,WAFER CLEAN PRE-GRIND,PASSIVATION ETCH PAD OPENING
valid_0510,MEASURE PASSIVATION QUALITY,MEASURE PASSIVATION THICKNESS,BACKSIDE CLEAN FINAL,BACKSIDE CLEAN,CLEAN AFTER METAL ETCH
valid_0511,VIA ETCH,VIA ETCH THROUGH DIELECTRIC,DIELECTRIC ETCH VIA,METAL ETCH DRY,OXIDE ETCH DRY
valid_0512,OPEN BOND PAD WINDOW,OPEN PAD WINDOW,ALIGN MASK LEVEL 1,MEASURE DEVICE PARAMETER,MEASURE SHEET RESISTANCE
valid_0513,MEASURE VIA CD,RCA CLEAN 1,WET CLEAN RCA1,DEPOSIT BARRIER METAL,CLEAN AFTER POLY ETCH
valid_0514,PAD WINDOW LITHO,OPEN PAD WINDOW LITHO,POST EXPOSE BAKE,EXPOSE LITHO LEVEL 3,EXPOSE LITHO LEVEL 5
valid_0515,MEASURE VIA CD,RCA CLEAN 1,WET CLEAN RCA1,DEPOSIT BARRIER METAL,CLEAN AFTER POLY ETCH
valid_0516,PAD WINDOW LITHO,OPEN PAD WINDOW LITHO,POST EXPOSE BAKE,EXPOSE LITHO LEVEL 3,EXPOSE LITHO LEVEL 5
valid_0517,MEASURE VIA CD,RCA CLEAN 1,WET CLEAN RCA1,DEPOSIT BARRIER METAL,CLEAN AFTER POLY ETCH
valid_0518,DEVELOP PHOTORESIST,DEVELOP PAD WINDOW,GRINDING WAFER BACKSIDE,MEASURE OPENING CD,MEASURE GATE CD
valid_0519,MEASURE VIA CD,RCA CLEAN 1,WET CLEAN RCA1,DEPOSIT BARRIER METAL,CLEAN AFTER POLY ETCH
valid_0520,PAD WINDOW LITHO,OPEN PAD WINDOW LITHO,POST EXPOSE BAKE,EXPOSE LITHO LEVEL 3,EXPOSE LITHO LEVEL 5
valid_0521,MEASURE VIA CD,RCA CLEAN 1,WET CLEAN RCA1,DEPOSIT BARRIER METAL,CLEAN AFTER POLY ETCH
valid_0522,DEVELOP PHOTORESIST,DEVELOP PAD WINDOW,GRINDING WAFER BACKSIDE,MEASURE GATE CD,MEASURE OPENING CD
valid_0523,STRIP RESIST,STRIP PHOTORESIST,STRIP RESIST LEVEL 2,MEASURE VIA CD,RINSE WET WAFER_EDGE
valid_0524,OPEN BOND PAD WINDOW,OPEN PAD WINDOW,ALIGN MASK LEVEL 1,MEASURE DEVICE PARAMETER,MEASURE SHEET RESISTANCE
valid_0525,MEASURE VIA CD,RCA CLEAN 1,WET CLEAN RCA1,DEPOSIT BARRIER METAL,CLEAN AFTER POLY ETCH
valid_0526,DEVELOP PHOTORESIST,DEVELOP PAD WINDOW,GRINDING WAFER BACKSIDE,MEASURE OPENING CD,MEASURE GATE CD
valid_0527,DEPOSIT BARRIER METAL,ANNEAL DIELECTRIC,MEASURE LINE WIDTH,MEASURE EPITAXY THICKNESS,MEASURE PASSIVATION THICKNESS
valid_0528,PAD WINDOW LITHO,OPEN PAD WINDOW LITHO,POST EXPOSE BAKE,EXPOSE LITHO LEVEL 3,EXPOSE LITHO LEVEL 5
valid_0529,CLEAN AFTER VIA ETCH,OXIDE ETCH DRY,ETCH SILICON OR OXIDE WINDOW,WAFER CLEAN PRE-GRIND,PASSIVATION ETCH PAD OPENING
valid_0530,CURE PASSIVATION,RCA CLEAN 2,WET CLEAN RCA2,FINAL LOT RELEASE,DENSIFY DIELECTRIC
valid_0531,DEPOSIT BARRIER METAL,ANNEAL DIELECTRIC,MEASURE LINE WIDTH,MEASURE EPITAXY THICKNESS,MEASURE PASSIVATION THICKNESS
valid_0532,PASSIVATION ETCH PAD OPENING,PASSIVATION ETCH,METAL ETCH DRY,DIELECTRIC ETCH VIA,VIA ETCH THROUGH DIELECTRIC
valid_0533,DEPOSIT TUNGSTEN SEED,DEPOSIT METAL SEED,MEASURE THICKNESS,MEASURE WAFER THICKNESS,MEASURE CD LEVEL 1
valid_0534,PASSIVATION ETCH PAD OPENING,PASSIVATION ETCH,METAL ETCH DRY,DIELECTRIC ETCH VIA,VIA ETCH THROUGH DIELECTRIC
valid_0535,DEPOSIT BARRIER METAL,ANNEAL DIELECTRIC,MEASURE LINE WIDTH,MEASURE EPITAXY THICKNESS,MEASURE PASSIVATION THICKNESS
valid_0536,PASSIVATION ETCH PAD OPENING,PASSIVATION ETCH,METAL ETCH DRY,DIELECTRIC ETCH VIA,VIA ETCH THROUGH DIELECTRIC
valid_0537,MEASURE VIA CD,RCA CLEAN 1,WET CLEAN RCA1,DEPOSIT BARRIER METAL,CLEAN AFTER POLY ETCH
valid_0538,DEVELOP PHOTORESIST,DEVELOP PAD WINDOW,GRINDING WAFER BACKSIDE,MEASURE GATE CD,MEASURE OPENING CD
valid_0539,STRIP RESIST,STRIP PHOTORESIST,STRIP RESIST LEVEL 2,MEASURE VIA CD,RINSE WET WAFER_EDGE
valid_0540,OPEN BOND PAD WINDOW,OPEN PAD WINDOW,ALIGN MASK LEVEL 1,MEASURE DEVICE PARAMETER,MEASURE SHEET RESISTANCE
valid_0541,STRIP RESIST,STRIP PHOTORESIST,STRIP RESIST LEVEL 2,MEASURE VIA CD,RINSE WET WAFER_EDGE
valid_0542,OPEN BOND PAD WINDOW,OPEN PAD WINDOW,ALIGN MASK LEVEL 1,MEASURE DEVICE PARAMETER,MEASURE SHEET RESISTANCE
valid_0543,MEASURE VIA CD,RCA CLEAN 1,WET CLEAN RCA1,DEPOSIT BARRIER METAL,CLEAN AFTER POLY ETCH
valid_0544,OPEN BOND PAD WINDOW,OPEN PAD WINDOW,ALIGN MASK LEVEL 1,MEASURE DEVICE PARAMETER,MEASURE SHEET RESISTANCE
valid_0545,DEPOSIT BARRIER METAL,ANNEAL DIELECTRIC,MEASURE LINE WIDTH,MEASURE EPITAXY THICKNESS,MEASURE PASSIVATION THICKNESS
valid_0546,DEVELOP PHOTORESIST,DEVELOP PAD WINDOW,GRINDING WAFER BACKSIDE,MEASURE GATE CD,MEASURE OPENING CD
valid_0547,CLEAN AFTER VIA ETCH,OXIDE ETCH DRY,ETCH SILICON OR OXIDE WINDOW,WAFER CLEAN PRE-GRIND,PASSIVATION ETCH PAD OPENING
valid_0548,DEVELOP PHOTORESIST,DEVELOP PAD WINDOW,GRINDING WAFER BACKSIDE,MEASURE GATE CD,MEASURE OPENING CD
valid_0549,DEPOSIT TUNGSTEN SEED,DEPOSIT METAL SEED,MEASURE THICKNESS,MEASURE WAFER THICKNESS,MEASURE CD LEVEL 1
valid_0550,PASSIVATION ETCH PAD OPENING,PASSIVATION ETCH,METAL ETCH DRY,DIELECTRIC ETCH VIA,VIA ETCH THROUGH DIELECTRIC
valid_0551,CLEAN AFTER VIA ETCH,OXIDE ETCH DRY,ETCH SILICON OR OXIDE WINDOW,WAFER CLEAN PRE-GRIND,PASSIVATION ETCH PAD OPENING
valid_0552,PAD WINDOW LITHO,OPEN PAD WINDOW LITHO,POST EXPOSE BAKE,EXPOSE LITHO LEVEL 3,EXPOSE LITHO LEVEL 5
valid_0553,MEASURE VIA CD,RCA CLEAN 1,WET CLEAN RCA1,DEPOSIT BARRIER METAL,CLEAN AFTER POLY ETCH
valid_0554,PAD WINDOW LITHO,OPEN PAD WINDOW LITHO,POST EXPOSE BAKE,EXPOSE LITHO LEVEL 3,EXPOSE LITHO LEVEL 5
valid_0555,VIA ETCH THROUGH DIELECTRIC,DIELECTRIC ETCH VIA,VIA ETCH,METAL ETCH DRY,PASSIVATION ETCH
valid_0556,OPEN BOND PAD WINDOW,OPEN PAD WINDOW,ALIGN MASK LEVEL 1,MEASURE DEVICE PARAMETER,MEASURE SHEET RESISTANCE
valid_0557,MEASURE VIA CD,RCA CLEAN 1,WET CLEAN RCA1,DEPOSIT BARRIER METAL,CLEAN AFTER POLY ETCH
valid_0558,DEVELOP PHOTORESIST,DEVELOP PAD WINDOW,GRINDING WAFER BACKSIDE,MEASURE GATE CD,MEASURE OPENING CD
valid_0559,MEASURE VIA CD,RCA CLEAN 1,WET CLEAN RCA1,DEPOSIT BARRIER METAL,CLEAN AFTER POLY ETCH
valid_0560,PAD WINDOW LITHO,OPEN PAD WINDOW LITHO,POST EXPOSE BAKE,EXPOSE LITHO LEVEL 3,EXPOSE LITHO LEVEL 5
valid_0561,STRIP RESIST,STRIP PHOTORESIST,STRIP RESIST LEVEL 2,MEASURE VIA CD,RINSE WET WAFER_EDGE
valid_0562,OPEN BOND PAD WINDOW,OPEN PAD WINDOW,ALIGN MASK LEVEL 1,MEASURE DEVICE PARAMETER,MEASURE SHEET RESISTANCE
valid_0563,CLEAN AFTER VIA ETCH,OXIDE ETCH DRY,ETCH SILICON OR OXIDE WINDOW,WAFER CLEAN PRE-GRIND,PASSIVATION ETCH PAD OPENING
valid_0564,OPEN BOND PAD WINDOW,OPEN PAD WINDOW,ALIGN MASK LEVEL 1,MEASURE DEVICE PARAMETER,MEASURE SHEET RESISTANCE
valid_0565,STRIP RESIST,STRIP PHOTORESIST,STRIP RESIST LEVEL 2,MEASURE VIA CD,RINSE WET WAFER_EDGE
valid_0566,OPEN BOND PAD WINDOW,OPEN PAD WINDOW,ALIGN MASK LEVEL 1,MEASURE DEVICE PARAMETER,MEASURE SHEET RESISTANCE
valid_0567,MEASURE VIA CD,RCA CLEAN 1,WET CLEAN RCA1,DEPOSIT BARRIER METAL,CLEAN AFTER POLY ETCH
valid_0568,PAD WINDOW LITHO,OPEN PAD WINDOW LITHO,POST EXPOSE BAKE,EXPOSE LITHO LEVEL 3,EXPOSE LITHO LEVEL 5
valid_0569,STRIP RESIST,STRIP PHOTORESIST,STRIP RESIST LEVEL 2,RINSE WET WAFER_EDGE,MEASURE VIA CD
valid_0570,DEVELOP PHOTORESIST,DEVELOP PAD WINDOW,GRINDING WAFER BACKSIDE,MEASURE GATE CD,MEASURE OPENING CD
valid_0571,STRIP RESIST,STRIP PHOTORESIST,STRIP RESIST LEVEL 2,MEASURE VIA CD,RINSE WET WAFER_EDGE
valid_0572,OPEN BOND PAD WINDOW,OPEN PAD WINDOW,ALIGN MASK LEVEL 1,MEASURE DEVICE PARAMETER,MEASURE SHEET RESISTANCE
valid_0573,CLEAN AFTER VIA ETCH,OXIDE ETCH DRY,ETCH SILICON OR OXIDE WINDOW,WAFER CLEAN PRE-GRIND,PASSIVATION ETCH PAD OPENING
valid_0574,OPEN BOND PAD WINDOW,OPEN PAD WINDOW,ALIGN MASK LEVEL 1,MEASURE DEVICE PARAMETER,MEASURE SHEET RESISTANCE
valid_0575,MEASURE VIA CD,RCA CLEAN 1,WET CLEAN RCA1,DEPOSIT BARRIER METAL,CLEAN AFTER POLY ETCH
valid_0576,DEVELOP PHOTORESIST,DEVELOP PAD WINDOW,GRINDING WAFER BACKSIDE,MEASURE GATE CD,MEASURE OPENING CD
valid_0577,CLEAN AFTER VIA ETCH,OXIDE ETCH DRY,ETCH SILICON OR OXIDE WINDOW,WAFER CLEAN PRE-GRIND,PASSIVATION ETCH PAD OPENING
valid_0578,DEVELOP PHOTORESIST,DEVELOP PAD WINDOW,GRINDING WAFER BACKSIDE,MEASURE OPENING CD,MEASURE GATE CD
valid_0579,STRIP RESIST,STRIP PHOTORESIST,STRIP RESIST LEVEL 2,MEASURE VIA CD,RINSE WET WAFER_EDGE
valid_0580,PAD WINDOW LITHO,OPEN PAD WINDOW LITHO,POST EXPOSE BAKE,EXPOSE LITHO LEVEL 3,EXPOSE LITHO LEVEL 5
valid_0581,CLEAN AFTER VIA ETCH,OXIDE ETCH DRY,ETCH SILICON OR OXIDE WINDOW,WAFER CLEAN PRE-GRIND,PASSIVATION ETCH PAD OPENING
valid_0582,PAD WINDOW LITHO,OPEN PAD WINDOW LITHO,POST EXPOSE BAKE,EXPOSE LITHO LEVEL 3,EXPOSE LITHO LEVEL 5
valid_0583,VIA ETCH THROUGH DIELECTRIC,DIELECTRIC ETCH VIA,VIA ETCH,METAL ETCH DRY,PASSIVATION ETCH
valid_0584,OPEN BOND PAD WINDOW,OPEN PAD WINDOW,ALIGN MASK LEVEL 1,MEASURE DEVICE PARAMETER,MEASURE SHEET RESISTANCE
valid_0585,STRIP RESIST,STRIP PHOTORESIST,STRIP RESIST LEVEL 2,MEASURE VIA CD,RINSE WET WAFER_EDGE
valid_0586,PAD WINDOW LITHO,OPEN PAD WINDOW LITHO,POST EXPOSE BAKE,EXPOSE LITHO LEVEL 3,EXPOSE LITHO LEVEL 5
valid_0587,STRIP RESIST,STRIP PHOTORESIST,STRIP RESIST LEVEL 2,MEASURE VIA CD,RINSE WET WAFER_EDGE
valid_0588,OPEN BOND PAD WINDOW,OPEN PAD WINDOW,ALIGN MASK LEVEL 1,MEASURE DEVICE PARAMETER,MEASURE SHEET RESISTANCE
valid_0589,DEVELOP PHOTORESIST,DEVELOP PAD WINDOW,GRINDING WAFER BACKSIDE,SHIP LOT,MEASURE OPENING CD
valid_0590,CURE PASSIVATION,RCA CLEAN 2,WET CLEAN RCA2,FINAL LOT RELEASE,DENSIFY DIELECTRIC
valid_0591,STRIP RESIST,STRIP PHOTORESIST,STRIP RESIST LEVEL 2,MEASURE VIA CD,RINSE WET WAFER_EDGE
valid_0592,OPEN BOND PAD WINDOW,OPEN PAD WINDOW,ALIGN MASK LEVEL 1,MEASURE DEVICE PARAMETER,MEASURE SHEET RESISTANCE
valid_0593,STRIP RESIST,STRIP PHOTORESIST,STRIP RESIST LEVEL 2,MEASURE VIA CD,RINSE WET WAFER_EDGE
valid_0594,PAD WINDOW LITHO,OPEN PAD WINDOW LITHO,POST EXPOSE BAKE,EXPOSE LITHO LEVEL 3,EXPOSE LITHO LEVEL 5
valid_0595,CLEAN AFTER VIA ETCH,OXIDE ETCH DRY,ETCH SILICON OR OXIDE WINDOW,WAFER CLEAN PRE-GRIND,PASSIVATION ETCH PAD OPENING
valid_0596,DEVELOP PHOTORESIST,DEVELOP PAD WINDOW,GRINDING WAFER BACKSIDE,MEASURE OPENING CD,MEASURE GATE CD
valid_0597,CLEAN AFTER VIA ETCH,OXIDE ETCH DRY,ETCH SILICON OR OXIDE WINDOW,WAFER CLEAN PRE-GRIND,PASSIVATION ETCH PAD OPENING
valid_0598,OPEN BOND PAD WINDOW,OPEN PAD WINDOW,ALIGN MASK LEVEL 1,MEASURE DEVICE PARAMETER,MEASURE SHEET RESISTANCE
valid_0599,CLEAN AFTER VIA ETCH,OXIDE ETCH DRY,ETCH SILICON OR OXIDE WINDOW,WAFER CLEAN PRE-GRIND,PASSIVATION ETCH PAD OPENING
valid_0600,PAD WINDOW LITHO,OPEN PAD WINDOW LITHO,POST EXPOSE BAKE,EXPOSE LITHO LEVEL 3,EXPOSE LITHO LEVEL 5
